,Values(Km^2),date
0,2402.75,2010-01-01
1,88.5,2010-01-02
2,6158.25,2010-01-03
3,6696.25,2010-01-04
4,3703.0,2010-01-05
5,6743.75,2010-01-06
6,3150.0,2010-01-07
7,6736.0,2010-01-08
8,5255.75,2010-01-09
9,6596.5,2010-01-10
10,4421.25,2010-01-11
11,1767.5,2010-01-12
12,0.0,2010-01-13
13,646.5,2010-01-14
14,151.75,2010-01-15
15,3221.5,2010-01-16
16,3598.25,2010-01-17
17,4389.5,2010-01-18
18,3.25,2010-01-19
19,6531.75,2010-01-20
20,0.0,2010-01-21
21,3438.5,2010-01-22
22,889.75,2010-01-23
23,5353.25,2010-01-24
24,119.75,2010-01-25
25,329.25,2010-01-26
26,4969.25,2010-01-27
27,3191.75,2010-01-28
28,2205.75,2010-01-29
29,1231.75,2010-01-30
30,56.25,2010-01-31
31,1759.5,2010-02-01
32,4040.0,2010-02-02
33,263.0,2010-02-03
34,203.25,2010-02-04
35,118.25,2010-02-05
36,0.5,2010-02-06
37,4516.0,2010-02-07
38,2567.0,2010-02-08
39,7.75,2010-02-09
40,771.25,2010-02-10
41,2962.75,2010-02-11
42,108.25,2010-02-12
43,1410.75,2010-02-13
44,6654.75,2010-02-14
45,1893.25,2010-02-15
46,3461.0,2010-02-16
47,4554.5,2010-02-17
48,4336.0,2010-02-19
49,571.0,2010-02-20
50,1070.25,2010-02-24
51,5209.0,2010-02-25
52,0.0,2010-02-26
53,2.25,2010-02-27
54,0.0,2010-02-28
55,255.75,2010-03-01
56,527.25,2010-03-02
57,1113.0,2010-03-03
58,265.25,2010-03-04
59,2674.0,2010-03-05
60,4438.0,2010-03-06
61,2245.0,2010-03-07
62,1079.0,2010-03-08
63,4226.5,2010-03-09
64,94.0,2010-03-10
65,2098.25,2010-03-11
66,416.75,2010-03-12
67,3679.0,2010-03-13
68,1561.75,2010-03-14
69,6011.5,2010-03-15
70,725.25,2010-03-16
71,184.5,2010-03-17
72,0.0,2010-03-18
73,1029.25,2010-03-19
74,6177.5,2010-03-20
75,6696.5,2010-03-21
76,6556.5,2010-03-22
77,560.0,2010-03-23
78,0.0,2010-03-24
79,2632.5,2010-03-25
80,583.25,2010-03-26
81,3135.75,2010-03-27
82,31.0,2010-03-28
83,5271.0,2010-03-29
84,6216.5,2010-03-30
85,5592.25,2010-03-31
86,6755.75,2010-04-01
87,6738.25,2010-04-02
88,6747.25,2010-04-03
89,6277.75,2010-04-04
90,2561.75,2010-04-05
91,5917.0,2010-04-06
92,4524.75,2010-04-07
93,3.0,2010-04-08
94,74.0,2010-04-09
95,4517.5,2010-04-10
96,5386.25,2010-04-11
97,5234.5,2010-04-12
98,174.75,2010-04-13
99,6182.5,2010-04-14
100,5144.5,2010-04-15
101,6748.0,2010-04-16
102,2882.0,2010-04-17
103,204.25,2010-04-18
104,4981.0,2010-04-19
105,6415.5,2010-04-20
106,3537.0,2010-04-21
107,328.0,2010-04-22
108,893.5,2010-04-23
109,4667.25,2010-04-24
110,6169.0,2010-04-25
111,6738.0,2010-04-26
112,6195.5,2010-04-27
113,4856.0,2010-04-28
114,3089.5,2010-04-29
115,6178.5,2010-04-30
116,17.75,2010-05-01
117,0.0,2010-05-02
118,1021.0,2010-05-03
119,3100.25,2010-05-04
120,3913.25,2010-05-05
121,4432.0,2010-05-06
122,3984.0,2010-05-07
123,6212.75,2010-05-08
124,6685.25,2010-05-09
125,3713.5,2010-05-10
126,963.5,2010-05-11
127,723.5,2010-05-12
128,4708.0,2010-05-13
129,5953.25,2010-05-14
130,6313.5,2010-05-15
131,6784.75,2010-05-16
132,6770.75,2010-05-17
133,6777.25,2010-05-18
134,736.75,2010-05-19
135,164.25,2010-05-20
136,6785.0,2010-05-21
137,6777.5,2010-05-22
138,6778.75,2010-05-23
139,2022.0,2010-05-24
140,6785.0,2010-05-25
141,6785.0,2010-05-26
142,6783.75,2010-05-27
143,6785.0,2010-05-28
144,2200.75,2010-05-29
145,6128.5,2010-05-30
146,6779.5,2010-05-31
147,6784.5,2010-06-01
148,6785.0,2010-06-02
149,6688.75,2010-06-03
150,6784.5,2010-06-04
151,5951.75,2010-06-05
152,6784.75,2010-06-06
153,5004.0,2010-06-07
154,6784.75,2010-06-08
155,633.75,2010-06-09
156,6785.0,2010-06-10
157,6785.0,2010-06-11
158,6785.0,2010-06-12
159,6785.0,2010-06-13
160,6785.0,2010-06-14
161,6784.25,2010-06-15
162,4491.0,2010-06-16
163,6232.75,2010-06-17
164,4308.25,2010-06-18
165,5806.75,2010-06-19
166,3666.25,2010-06-20
167,6612.5,2010-06-21
168,6784.0,2010-06-22
169,6642.75,2010-06-23
170,6557.5,2010-06-24
171,6058.75,2010-06-25
172,0.0,2010-06-26
173,6785.0,2010-06-27
174,6785.0,2010-06-28
175,6785.0,2010-06-29
176,6785.0,2010-06-30
177,6765.75,2010-07-01
178,6785.0,2010-07-02
179,6785.0,2010-07-03
180,6784.5,2010-07-04
181,6785.0,2010-07-05
182,6785.0,2010-07-06
183,6785.0,2010-07-07
184,6785.0,2010-07-08
185,6785.0,2010-07-09
186,6785.0,2010-07-10
187,6785.0,2010-07-11
188,6785.0,2010-07-12
189,6785.0,2010-07-13
190,6785.0,2010-07-14
191,2744.5,2010-07-15
192,6779.25,2010-07-16
193,6785.0,2010-07-17
194,6784.25,2010-07-18
195,6785.0,2010-07-19
196,6785.0,2010-07-20
197,6785.0,2010-07-21
198,6023.0,2010-07-22
199,6191.5,2010-07-23
200,6785.0,2010-07-24
201,6785.0,2010-07-25
202,6785.0,2010-07-26
203,6749.5,2010-07-27
204,6785.0,2010-07-28
205,6785.0,2010-07-29
206,6778.5,2010-07-30
207,6719.25,2010-07-31
208,6773.0,2010-08-01
209,6743.25,2010-08-02
210,3684.5,2010-08-03
211,3490.5,2010-08-04
212,6661.25,2010-08-05
213,6758.0,2010-08-06
214,6547.0,2010-08-07
215,6763.75,2010-08-08
216,6274.75,2010-08-09
217,5487.25,2010-08-10
218,6785.0,2010-08-11
219,6182.25,2010-08-12
220,6785.0,2010-08-13
221,6681.0,2010-08-14
222,6718.0,2010-08-15
223,5675.75,2010-08-16
224,6725.25,2010-08-17
225,6773.0,2010-08-18
226,6785.0,2010-08-19
227,6785.0,2010-08-20
228,6785.0,2010-08-21
229,6785.0,2010-08-22
230,6748.0,2010-08-23
231,4948.75,2010-08-24
232,6692.75,2010-08-25
233,6785.0,2010-08-26
234,6217.5,2010-08-27
235,4758.25,2010-08-28
236,6420.25,2010-08-29
237,6706.75,2010-08-30
238,6778.5,2010-08-31
239,6189.5,2010-09-01
240,6785.0,2010-09-02
241,6785.0,2010-09-03
242,6783.25,2010-09-04
243,6785.0,2010-09-05
244,6729.25,2010-09-06
245,6780.0,2010-09-07
246,6785.0,2010-09-08
247,6785.0,2010-09-09
248,6785.0,2010-09-10
249,6785.0,2010-09-11
250,6784.75,2010-09-12
251,6783.5,2010-09-13
252,6785.0,2010-09-14
253,6784.75,2010-09-15
254,6785.0,2010-09-16
255,6785.0,2010-09-17
256,6785.0,2010-09-18
257,2067.25,2010-09-19
258,5136.0,2010-09-20
259,6770.25,2010-09-21
260,6784.5,2010-09-22
261,6785.0,2010-09-23
262,6784.75,2010-09-24
263,6785.0,2010-09-25
264,6733.5,2010-09-26
265,6609.5,2010-09-27
266,6785.0,2010-09-28
267,5335.5,2010-09-29
268,6682.0,2010-09-30
269,6754.0,2010-10-01
270,6781.0,2010-10-02
271,6694.25,2010-10-03
272,6785.0,2010-10-04
273,6755.0,2010-10-05
274,3984.5,2010-10-06
275,6785.0,2010-10-07
276,6487.0,2010-10-08
277,5078.5,2010-10-09
278,6773.5,2010-10-10
279,6414.5,2010-10-11
280,2814.75,2010-10-12
281,6435.5,2010-10-13
282,4939.75,2010-10-14
283,6784.0,2010-10-15
284,6782.25,2010-10-16
285,6785.0,2010-10-17
286,6785.0,2010-10-18
287,6785.0,2010-10-19
288,6785.0,2010-10-20
289,6785.0,2010-10-21
290,6785.0,2010-10-22
291,6785.0,2010-10-23
292,6785.0,2010-10-24
293,5060.25,2010-10-25
294,309.75,2010-10-26
295,4661.0,2010-10-27
296,6751.5,2010-10-28
297,143.75,2010-10-29
298,2139.25,2010-10-30
299,1588.0,2010-10-31
300,1491.0,2010-11-01
301,438.5,2010-11-02
302,2730.25,2010-11-03
303,6359.5,2010-11-04
304,6706.0,2010-11-05
305,6779.25,2010-11-06
306,6739.25,2010-11-07
307,6748.0,2010-11-08
308,6729.75,2010-11-09
309,6672.25,2010-11-10
310,6781.75,2010-11-11
311,6772.25,2010-11-12
312,6782.0,2010-11-13
313,6762.75,2010-11-14
314,6782.0,2010-11-15
315,6780.75,2010-11-16
316,6783.5,2010-11-17
317,6777.5,2010-11-18
318,6773.25,2010-11-19
319,6773.0,2010-11-20
320,6630.0,2010-11-21
321,6782.75,2010-11-22
322,6184.5,2010-11-23
323,6780.25,2010-11-24
324,6760.5,2010-11-25
325,6615.0,2010-11-26
326,6781.0,2010-11-27
327,6712.5,2010-11-28
328,6779.75,2010-11-29
329,6162.0,2010-11-30
330,6770.25,2010-12-01
331,6782.25,2010-12-02
332,6782.0,2010-12-03
333,6781.25,2010-12-04
334,6763.75,2010-12-05
335,6777.5,2010-12-06
336,6169.5,2010-12-07
337,6327.75,2010-12-08
338,4223.75,2010-12-09
339,5281.25,2010-12-10
340,0.5,2010-12-11
341,218.25,2010-12-12
342,8.25,2010-12-13
343,97.0,2010-12-14
344,4815.75,2010-12-15
345,454.75,2010-12-16
346,5757.25,2010-12-17
347,0.0,2010-12-18
348,4607.5,2010-12-19
349,4925.0,2010-12-20
350,1256.0,2010-12-21
351,6116.5,2010-12-22
352,1239.0,2010-12-23
353,6023.25,2010-12-24
354,2244.0,2010-12-25
355,6208.75,2010-12-26
356,6751.0,2010-12-27
357,6194.5,2010-12-28
358,6738.5,2010-12-29
359,1032.0,2010-12-30
360,0.0,2010-12-31
361,194.25,2011-01-01
362,6154.5,2011-01-02
363,6679.0,2011-01-03
364,434.0,2011-01-04
365,756.25,2011-01-05
366,1848.5,2011-01-06
367,4864.5,2011-01-07
368,575.25,2011-01-08
369,1106.25,2011-01-09
370,645.75,2011-01-10
371,1476.0,2011-01-11
372,3373.5,2011-01-12
373,5523.0,2011-01-13
374,4020.0,2011-01-14
375,18.75,2011-01-15
376,218.5,2011-01-16
377,1896.75,2011-01-17
378,3353.0,2011-01-18
379,2783.0,2011-01-19
380,4111.25,2011-01-20
381,5167.5,2011-01-21
382,3417.25,2011-01-22
383,1122.5,2011-01-23
384,2899.75,2011-01-24
385,5.5,2011-01-25
386,0.0,2011-01-26
387,1116.75,2011-01-27
388,1629.25,2011-01-28
389,0.0,2011-01-29
390,153.5,2011-01-30
391,3.0,2011-01-31
392,1131.25,2011-02-01
393,3.0,2011-02-02
394,3903.75,2011-02-03
395,17.25,2011-02-04
396,538.5,2011-02-05
397,5887.5,2011-02-06
398,4667.0,2011-02-07
399,1195.75,2011-02-08
400,3009.5,2011-02-09
401,4028.5,2011-02-10
402,555.5,2011-02-11
403,4313.0,2011-02-12
404,5566.75,2011-02-13
405,4721.5,2011-02-14
406,1038.25,2011-02-15
407,428.5,2011-02-16
408,646.75,2011-02-17
409,31.0,2011-02-18
410,6359.5,2011-02-19
411,22.75,2011-02-20
412,275.75,2011-02-21
413,754.25,2011-02-22
414,5554.5,2011-02-23
415,3977.25,2011-02-24
416,5840.0,2011-02-25
417,354.0,2011-02-26
418,1269.0,2011-02-27
419,6579.25,2011-02-28
420,2028.5,2011-03-01
421,5613.25,2011-03-02
422,5486.5,2011-03-03
423,6122.75,2011-03-04
424,6438.25,2011-03-05
425,5771.75,2011-03-06
426,3766.5,2011-03-07
427,35.0,2011-03-08
428,596.25,2011-03-09
429,1094.75,2011-03-10
430,3090.75,2011-03-11
431,268.0,2011-03-12
432,5.0,2011-03-13
433,2932.25,2011-03-14
434,3351.25,2011-03-15
435,6463.25,2011-03-16
436,6755.25,2011-03-17
437,6780.5,2011-03-18
438,5440.5,2011-03-19
439,6680.5,2011-03-20
440,1860.75,2011-03-21
441,6499.75,2011-03-22
442,651.25,2011-03-23
443,529.75,2011-03-24
444,0.0,2011-03-25
445,863.0,2011-03-26
446,6704.0,2011-03-27
447,6726.75,2011-03-28
448,6078.0,2011-03-29
449,6784.5,2011-03-30
450,6784.25,2011-03-31
451,6783.5,2011-04-01
452,6785.0,2011-04-02
453,5267.5,2011-04-03
454,2097.75,2011-04-04
455,0.5,2011-04-05
456,1711.0,2011-04-06
457,4504.5,2011-04-07
458,836.5,2011-04-08
459,966.5,2011-04-09
460,5686.25,2011-04-10
461,1782.75,2011-04-11
462,1807.5,2011-04-12
463,709.5,2011-04-13
464,6150.75,2011-04-14
465,6776.25,2011-04-15
466,6477.25,2011-04-16
467,6784.0,2011-04-17
468,6195.75,2011-04-18
469,6730.75,2011-04-19
470,5.75,2011-04-20
471,981.0,2011-04-21
472,0.0,2011-04-22
473,143.25,2011-04-23
474,6196.25,2011-04-24
475,312.0,2011-04-25
476,1037.25,2011-04-26
477,5861.0,2011-04-27
478,2975.5,2011-04-28
479,397.5,2011-04-29
480,0.0,2011-04-30
481,2625.75,2011-05-01
482,252.75,2011-05-02
483,5786.75,2011-05-03
484,6327.5,2011-05-04
485,5578.5,2011-05-05
486,2397.75,2011-05-06
487,4369.75,2011-05-07
488,1577.0,2011-05-08
489,6705.75,2011-05-09
490,6443.0,2011-05-10
491,6662.5,2011-05-11
492,6782.5,2011-05-12
493,2598.75,2011-05-13
494,2519.25,2011-05-14
495,4069.25,2011-05-15
496,352.5,2011-05-16
497,77.0,2011-05-17
498,103.75,2011-05-18
499,6426.25,2011-05-19
500,6785.0,2011-05-20
501,6785.0,2011-05-21
502,6778.5,2011-05-22
503,6785.0,2011-05-23
504,6783.75,2011-05-24
505,6783.75,2011-05-25
506,6774.75,2011-05-26
507,6742.75,2011-05-27
508,6784.75,2011-05-28
509,6568.0,2011-05-29
510,5884.25,2011-05-30
511,6761.0,2011-05-31
512,4969.75,2011-06-01
513,6172.75,2011-06-02
514,3541.0,2011-06-03
515,6784.25,2011-06-04
516,6785.0,2011-06-05
517,6697.0,2011-06-06
518,6129.5,2011-06-07
519,5923.75,2011-06-08
520,6374.0,2011-06-09
521,6645.75,2011-06-10
522,6783.75,2011-06-11
523,3542.25,2011-06-12
524,6785.0,2011-06-13
525,6709.5,2011-06-14
526,6785.0,2011-06-15
527,6784.0,2011-06-16
528,6785.0,2011-06-17
529,6785.0,2011-06-18
530,6785.0,2011-06-19
531,0.0,2011-06-20
532,6785.0,2011-06-21
533,6785.0,2011-06-22
534,6785.0,2011-06-23
535,6785.0,2011-06-24
536,6742.25,2011-06-25
537,6785.0,2011-06-26
538,6785.0,2011-06-27
539,6784.5,2011-06-28
540,6785.0,2011-06-29
541,6785.0,2011-06-30
542,6594.5,2011-07-01
543,6785.0,2011-07-02
544,6772.5,2011-07-03
545,6784.75,2011-07-04
546,6759.5,2011-07-05
547,6785.0,2011-07-06
548,5797.75,2011-07-07
549,6226.25,2011-07-08
550,6740.25,2011-07-09
551,5968.5,2011-07-10
552,6785.0,2011-07-11
553,6783.0,2011-07-12
554,6785.0,2011-07-13
555,6785.0,2011-07-14
556,6785.0,2011-07-15
557,6785.0,2011-07-16
558,5322.25,2011-07-17
559,6752.5,2011-07-18
560,5893.75,2011-07-19
561,5516.75,2011-07-20
562,5322.0,2011-07-21
563,6732.5,2011-07-22
564,6435.25,2011-07-23
565,6748.25,2011-07-24
566,6773.25,2011-07-25
567,1989.25,2011-07-26
568,6785.0,2011-07-27
569,6785.0,2011-07-28
570,6785.0,2011-07-29
571,6785.0,2011-07-30
572,6785.0,2011-07-31
573,6785.0,2011-08-01
574,6785.0,2011-08-02
575,6785.0,2011-08-03
576,6785.0,2011-08-04
577,6785.0,2011-08-05
578,6781.5,2011-08-06
579,6785.0,2011-08-07
580,6783.5,2011-08-08
581,6785.0,2011-08-09
582,6785.0,2011-08-10
583,6680.0,2011-08-11
584,4389.25,2011-08-12
585,6785.0,2011-08-13
586,6785.0,2011-08-14
587,6785.0,2011-08-15
588,6785.0,2011-08-16
589,6785.0,2011-08-17
590,6785.0,2011-08-18
591,6785.0,2011-08-19
592,6785.0,2011-08-20
593,6785.0,2011-08-21
594,6785.0,2011-08-22
595,6781.5,2011-08-23
596,6747.75,2011-08-24
597,6780.0,2011-08-25
598,6781.0,2011-08-26
599,6785.0,2011-08-27
600,6785.0,2011-08-28
601,1453.75,2011-08-29
602,6717.75,2011-08-30
603,6763.25,2011-08-31
604,6785.0,2011-09-01
605,6785.0,2011-09-02
606,6785.0,2011-09-03
607,6785.0,2011-09-04
608,6785.0,2011-09-05
609,6785.0,2011-09-06
610,6784.75,2011-09-07
611,6785.0,2011-09-08
612,6784.0,2011-09-09
613,6785.0,2011-09-10
614,6687.25,2011-09-11
615,6785.0,2011-09-12
616,6785.0,2011-09-13
617,6785.0,2011-09-14
618,6785.0,2011-09-15
619,6784.0,2011-09-16
620,6785.0,2011-09-17
621,6784.5,2011-09-18
622,6785.0,2011-09-19
623,3339.25,2011-09-20
624,6784.75,2011-09-21
625,6785.0,2011-09-22
626,3593.0,2011-09-23
627,6785.0,2011-09-24
628,6780.5,2011-09-25
629,6782.75,2011-09-26
630,6785.0,2011-09-27
631,6265.75,2011-09-28
632,6785.0,2011-09-29
633,215.75,2011-09-30
634,6648.5,2011-10-01
635,2201.25,2011-10-02
636,6785.0,2011-10-03
637,6784.75,2011-10-04
638,6785.0,2011-10-05
639,6785.0,2011-10-06
640,6785.0,2011-10-07
641,6785.0,2011-10-08
642,6785.0,2011-10-09
643,6784.5,2011-10-10
644,6718.0,2011-10-11
645,6785.0,2011-10-12
646,6051.5,2011-10-13
647,6781.25,2011-10-14
648,6785.0,2011-10-15
649,5951.0,2011-10-16
650,6623.0,2011-10-17
651,6661.75,2011-10-18
652,6115.0,2011-10-19
653,6750.75,2011-10-20
654,6783.25,2011-10-21
655,6783.0,2011-10-22
656,6593.25,2011-10-23
657,5820.5,2011-10-24
658,770.25,2011-10-25
659,47.75,2011-10-26
660,9.5,2011-10-27
661,719.25,2011-10-28
662,0.0,2011-10-29
663,1060.75,2011-10-30
664,4476.0,2011-10-31
665,1442.25,2011-11-01
666,6114.75,2011-11-02
667,6755.0,2011-11-03
668,2563.5,2011-11-04
669,1573.0,2011-11-05
670,4120.25,2011-11-06
671,4806.25,2011-11-07
672,136.0,2011-11-08
673,4651.5,2011-11-09
674,1695.5,2011-11-10
675,6722.75,2011-11-11
676,5409.25,2011-11-12
677,6175.5,2011-11-13
678,6422.25,2011-11-14
679,3464.5,2011-11-15
680,2368.75,2011-11-16
681,61.25,2011-11-17
682,6382.5,2011-11-18
683,0.0,2011-11-19
684,445.5,2011-11-20
685,2010.75,2011-11-21
686,4973.25,2011-11-22
687,6752.0,2011-11-23
688,1361.25,2011-11-24
689,1609.0,2011-11-25
690,516.5,2011-11-26
691,6581.25,2011-11-27
692,6450.25,2011-11-28
693,6304.25,2011-11-29
694,6735.5,2011-11-30
695,2080.5,2011-12-01
696,6645.5,2011-12-02
697,2072.25,2011-12-03
698,6534.75,2011-12-04
699,6698.75,2011-12-05
700,5949.25,2011-12-06
701,6754.0,2011-12-07
702,6052.5,2011-12-08
703,6742.25,2011-12-09
704,1017.5,2011-12-10
705,6693.75,2011-12-11
706,1879.75,2011-12-12
707,6721.5,2011-12-13
708,3504.5,2011-12-14
709,0.5,2011-12-15
710,123.75,2011-12-16
711,2033.5,2011-12-17
712,5795.25,2011-12-18
713,2083.5,2011-12-19
714,6731.25,2011-12-20
715,6688.0,2011-12-21
716,3529.0,2011-12-22
717,403.5,2011-12-23
718,4611.0,2011-12-24
719,2971.0,2011-12-25
720,1484.25,2011-12-26
721,5103.25,2011-12-27
722,2489.25,2011-12-28
723,6687.5,2011-12-29
724,6759.75,2011-12-30
725,194.75,2011-12-31
726,132.0,2012-01-01
727,288.5,2012-01-02
728,2589.25,2012-01-03
729,1587.5,2012-01-04
730,6680.5,2012-01-05
731,859.0,2012-01-06
732,6491.0,2012-01-07
733,124.75,2012-01-08
734,2344.0,2012-01-09
735,6738.0,2012-01-10
736,824.5,2012-01-11
737,6277.5,2012-01-12
738,1168.5,2012-01-13
739,4832.5,2012-01-14
740,6727.75,2012-01-15
741,6271.5,2012-01-16
742,6709.25,2012-01-17
743,139.75,2012-01-18
744,6600.5,2012-01-19
745,17.5,2012-01-20
746,2579.5,2012-01-21
747,4992.5,2012-01-22
748,3806.5,2012-01-23
749,448.75,2012-01-24
750,441.75,2012-01-25
751,509.0,2012-01-26
752,1145.5,2012-01-27
753,565.5,2012-01-28
754,1388.0,2012-01-29
755,6318.0,2012-01-30
756,0.0,2012-01-31
757,739.75,2012-02-01
758,424.5,2012-02-02
759,4580.5,2012-02-03
760,6491.25,2012-02-04
761,2608.5,2012-02-05
762,6285.5,2012-02-06
763,0.0,2012-02-07
764,126.5,2012-02-08
765,2226.5,2012-02-09
766,558.75,2012-02-10
767,5804.25,2012-02-11
768,2161.25,2012-02-12
769,6149.75,2012-02-13
770,1365.25,2012-02-14
771,11.75,2012-02-15
772,2.25,2012-02-16
773,4374.0,2012-02-17
774,18.25,2012-02-18
775,260.5,2012-02-19
776,4357.75,2012-02-20
777,1963.5,2012-02-21
778,6172.5,2012-02-22
779,1068.5,2012-02-23
780,5276.75,2012-02-24
781,0.0,2012-02-25
782,2857.25,2012-02-26
783,6255.25,2012-02-27
784,1980.5,2012-02-28
785,4451.75,2012-02-29
786,0.0,2012-03-01
787,0.0,2012-03-02
788,280.25,2012-03-03
789,361.0,2012-03-04
790,1824.75,2012-03-05
791,3447.75,2012-03-06
792,2733.0,2012-03-07
793,3316.5,2012-03-08
794,5829.25,2012-03-09
795,3206.75,2012-03-10
796,5566.0,2012-03-11
797,2644.75,2012-03-12
798,2646.25,2012-03-13
799,616.25,2012-03-14
800,547.75,2012-03-15
801,623.25,2012-03-16
802,0.25,2012-03-17
803,5521.75,2012-03-18
804,6441.25,2012-03-19
805,6632.0,2012-03-20
806,6693.0,2012-03-21
807,6515.25,2012-03-22
808,5557.25,2012-03-23
809,6570.0,2012-03-24
810,6764.5,2012-03-25
811,4712.5,2012-03-26
812,133.0,2012-03-27
813,929.75,2012-03-28
814,2828.75,2012-03-29
815,18.5,2012-03-30
816,1224.0,2012-03-31
817,5802.25,2012-04-01
818,1814.25,2012-04-02
819,5961.5,2012-04-03
820,5458.5,2012-04-04
821,6188.75,2012-04-05
822,4291.5,2012-04-06
823,6779.25,2012-04-07
824,5898.75,2012-04-08
825,4011.25,2012-04-09
826,6781.25,2012-04-10
827,4145.75,2012-04-11
828,0.0,2012-04-12
829,2949.5,2012-04-13
830,2371.0,2012-04-14
831,7.25,2012-04-15
832,3339.25,2012-04-16
833,1309.5,2012-04-17
834,3393.5,2012-04-18
835,5508.5,2012-04-19
836,3197.0,2012-04-20
837,3280.0,2012-04-21
838,6784.75,2012-04-22
839,6784.75,2012-04-23
840,6781.25,2012-04-24
841,6783.25,2012-04-25
842,6775.5,2012-04-26
843,6662.25,2012-04-27
844,5708.5,2012-04-28
845,6668.5,2012-04-29
846,6780.0,2012-04-30
847,5524.75,2012-05-01
848,11.5,2012-05-02
849,5919.75,2012-05-03
850,3563.5,2012-05-04
851,6543.25,2012-05-05
852,6432.25,2012-05-06
853,6756.5,2012-05-07
854,5988.25,2012-05-08
855,6762.5,2012-05-09
856,4836.25,2012-05-10
857,6442.75,2012-05-11
858,6782.5,2012-05-12
859,5222.5,2012-05-13
860,6027.25,2012-05-14
861,5671.0,2012-05-15
862,6785.0,2012-05-16
863,6497.25,2012-05-17
864,6785.0,2012-05-18
865,6774.5,2012-05-19
866,6112.0,2012-05-20
867,6774.25,2012-05-21
868,506.25,2012-05-22
869,1996.5,2012-05-23
870,5289.75,2012-05-24
871,3178.25,2012-05-25
872,4819.0,2012-05-26
873,6629.75,2012-05-27
874,600.75,2012-05-28
875,6774.75,2012-05-29
876,6018.25,2012-05-30
877,6745.5,2012-05-31
878,6785.0,2012-06-01
879,6777.0,2012-06-02
880,6784.5,2012-06-03
881,6784.0,2012-06-04
882,6785.0,2012-06-05
883,6784.25,2012-06-06
884,6785.0,2012-06-07
885,6785.0,2012-06-08
886,6785.0,2012-06-09
887,6785.0,2012-06-10
888,6785.0,2012-06-11
889,6785.0,2012-06-12
890,6554.0,2012-06-13
891,6564.5,2012-06-14
892,6777.5,2012-06-15
893,4668.0,2012-06-16
894,6784.5,2012-06-17
895,6782.0,2012-06-18
896,3537.0,2012-06-19
897,6718.25,2012-06-20
898,42.25,2012-06-21
899,6607.5,2012-06-22
900,3771.5,2012-06-23
901,6784.25,2012-06-24
902,6777.5,2012-06-25
903,6781.75,2012-06-26
904,6739.75,2012-06-27
905,6432.5,2012-06-28
906,6192.5,2012-06-29
907,6785.0,2012-06-30
908,6785.0,2012-07-01
909,6785.0,2012-07-02
910,6785.0,2012-07-03
911,6785.0,2012-07-04
912,6769.0,2012-07-05
913,6785.0,2012-07-06
914,6785.0,2012-07-07
915,6784.5,2012-07-08
916,3450.75,2012-07-09
917,6782.75,2012-07-10
918,6785.0,2012-07-11
919,6785.0,2012-07-12
920,6784.75,2012-07-13
921,6780.75,2012-07-14
922,6784.0,2012-07-15
923,2425.75,2012-07-16
924,6227.0,2012-07-17
925,6208.25,2012-07-18
926,6749.5,2012-07-19
927,6778.0,2012-07-20
928,6785.0,2012-07-21
929,6783.75,2012-07-22
930,6768.25,2012-07-23
931,6785.0,2012-07-24
932,6785.0,2012-07-25
933,6785.0,2012-07-26
934,5071.75,2012-07-27
935,6346.0,2012-07-28
936,3423.0,2012-07-29
937,5230.5,2012-07-30
938,6430.5,2012-07-31
939,6775.5,2012-08-01
940,6784.5,2012-08-02
941,6785.0,2012-08-03
942,6785.0,2012-08-04
943,6785.0,2012-08-05
944,6781.25,2012-08-06
945,6785.0,2012-08-07
946,6784.5,2012-08-08
947,6785.0,2012-08-09
948,6785.0,2012-08-10
949,6785.0,2012-08-11
950,6785.0,2012-08-12
951,6785.0,2012-08-13
952,6785.0,2012-08-14
953,6785.0,2012-08-15
954,6784.75,2012-08-16
955,6620.75,2012-08-17
956,6785.0,2012-08-18
957,6785.0,2012-08-19
958,6785.0,2012-08-20
959,6785.0,2012-08-21
960,6785.0,2012-08-22
961,6785.0,2012-08-23
962,6661.0,2012-08-24
963,6785.0,2012-08-25
964,6764.75,2012-08-26
965,6783.25,2012-08-27
966,5091.0,2012-08-28
967,6778.5,2012-08-29
968,6785.0,2012-08-30
969,6681.25,2012-08-31
970,6785.0,2012-09-01
971,6782.5,2012-09-02
972,6778.0,2012-09-03
973,6684.0,2012-09-04
974,6785.0,2012-09-05
975,6785.0,2012-09-06
976,6785.0,2012-09-07
977,6785.0,2012-09-08
978,6785.0,2012-09-09
979,6746.25,2012-09-10
980,6611.25,2012-09-11
981,6785.0,2012-09-12
982,6785.0,2012-09-13
983,6785.0,2012-09-14
984,6785.0,2012-09-15
985,6753.25,2012-09-16
986,6785.0,2012-09-17
987,6784.75,2012-09-18
988,6785.0,2012-09-19
989,6785.0,2012-09-20
990,6785.0,2012-09-21
991,6785.0,2012-09-22
992,6785.0,2012-09-23
993,6785.0,2012-09-24
994,6777.75,2012-09-25
995,6776.75,2012-09-26
996,6784.75,2012-09-27
997,6785.0,2012-09-28
998,6781.25,2012-09-29
999,6785.0,2012-09-30
1000,6785.0,2012-10-01
1001,6785.0,2012-10-02
1002,3685.0,2012-10-03
1003,6783.75,2012-10-04
1004,6619.25,2012-10-05
1005,1371.0,2012-10-06
1006,4659.5,2012-10-07
1007,3649.0,2012-10-08
1008,3197.75,2012-10-09
1009,6238.75,2012-10-10
1010,5722.0,2012-10-11
1011,5884.5,2012-10-12
1012,6785.0,2012-10-13
1013,6785.0,2012-10-14
1014,6785.0,2012-10-15
1015,6785.0,2012-10-16
1016,6785.0,2012-10-17
1017,6345.5,2012-10-18
1018,2655.0,2012-10-19
1019,4130.75,2012-10-20
1020,1107.25,2012-10-21
1021,0.0,2012-10-22
1022,3502.75,2012-10-23
1023,6422.75,2012-10-24
1024,0.0,2012-10-25
1025,2853.0,2012-10-26
1026,1474.25,2012-10-27
1027,6300.0,2012-10-28
1028,6536.5,2012-10-29
1029,6784.0,2012-10-30
1030,6781.75,2012-10-31
1031,5848.0,2012-11-01
1032,6764.75,2012-11-02
1033,585.5,2012-11-03
1034,1835.0,2012-11-04
1035,3555.0,2012-11-05
1036,6771.75,2012-11-06
1037,6598.75,2012-11-07
1038,6784.25,2012-11-08
1039,4722.0,2012-11-09
1040,2185.0,2012-11-10
1041,5194.5,2012-11-11
1042,0.0,2012-11-12
1043,357.5,2012-11-13
1044,0.0,2012-11-14
1045,5799.25,2012-11-15
1046,6729.75,2012-11-16
1047,4046.25,2012-11-17
1048,4490.5,2012-11-18
1049,0.0,2012-11-19
1050,596.25,2012-11-20
1051,0.0,2012-11-21
1052,5248.0,2012-11-22
1053,0.0,2012-11-23
1054,40.5,2012-11-24
1055,148.25,2012-11-25
1056,165.0,2012-11-26
1057,4853.75,2012-11-27
1058,2545.5,2012-11-28
1059,6759.5,2012-11-29
1060,6756.75,2012-11-30
1061,5524.5,2012-12-01
1062,6748.5,2012-12-02
1063,5645.0,2012-12-03
1064,256.5,2012-12-04
1065,32.0,2012-12-05
1066,628.75,2012-12-06
1067,136.75,2012-12-07
1068,32.0,2012-12-08
1069,59.0,2012-12-09
1070,1765.5,2012-12-10
1071,515.5,2012-12-11
1072,2494.75,2012-12-12
1073,2523.25,2012-12-13
1074,1656.0,2012-12-14
1075,5270.0,2012-12-15
1076,2989.5,2012-12-16
1077,5867.5,2012-12-17
1078,506.0,2012-12-18
1079,1439.75,2012-12-19
1080,1202.75,2012-12-20
1081,23.25,2012-12-21
1082,6608.75,2012-12-22
1083,6702.75,2012-12-23
1084,6721.75,2012-12-24
1085,0.0,2012-12-25
1086,1752.25,2012-12-26
1087,6408.75,2012-12-27
1088,3465.25,2012-12-28
1089,6754.5,2012-12-29
1090,1098.0,2012-12-30
1091,6709.25,2012-12-31
1092,1880.0,2013-01-01
1093,3867.75,2013-01-02
1094,5971.75,2013-01-03
1095,4893.5,2013-01-04
1096,4243.75,2013-01-05
1097,148.5,2013-01-06
1098,2452.25,2013-01-07
1099,27.25,2013-01-08
1100,332.25,2013-01-09
1101,130.75,2013-01-10
1102,997.0,2013-01-11
1103,6066.0,2013-01-12
1104,659.25,2013-01-13
1105,6389.25,2013-01-14
1106,3550.0,2013-01-15
1107,5678.5,2013-01-16
1108,1443.5,2013-01-17
1109,3580.5,2013-01-18
1110,6115.75,2013-01-19
1111,1008.25,2013-01-20
1112,6258.0,2013-01-21
1113,1407.25,2013-01-22
1114,6166.25,2013-01-23
1115,1683.25,2013-01-24
1116,3416.75,2013-01-25
1117,856.75,2013-01-26
1118,2186.0,2013-01-27
1119,0.0,2013-01-28
1120,0.0,2013-01-29
1121,2183.75,2013-01-30
1122,2.25,2013-01-31
1123,86.0,2013-02-01
1124,0.0,2013-02-02
1125,6115.25,2013-02-03
1126,6451.5,2013-02-04
1127,2718.5,2013-02-05
1128,95.75,2013-02-06
1129,130.5,2013-02-07
1130,6632.75,2013-02-08
1131,4772.75,2013-02-09
1132,6201.75,2013-02-10
1133,5475.75,2013-02-11
1134,1476.5,2013-02-12
1135,6065.5,2013-02-13
1136,3691.25,2013-02-14
1137,1.0,2013-02-15
1138,1428.25,2013-02-16
1139,6393.25,2013-02-17
1140,5185.5,2013-02-18
1141,4965.0,2013-02-19
1142,6009.75,2013-02-20
1143,19.75,2013-02-21
1144,6259.75,2013-02-22
1145,0.0,2013-02-23
1146,4003.75,2013-02-24
1147,5459.75,2013-02-25
1148,3758.25,2013-02-26
1149,6685.25,2013-02-27
1150,5136.0,2013-02-28
1151,504.25,2013-03-01
1152,289.0,2013-03-02
1153,6766.0,2013-03-03
1154,0.0,2013-03-04
1155,0.0,2013-03-05
1156,1742.75,2013-03-06
1157,794.5,2013-03-07
1158,4155.5,2013-03-08
1159,0.0,2013-03-09
1160,1427.5,2013-03-10
1161,1927.0,2013-03-11
1162,6188.25,2013-03-12
1163,6048.0,2013-03-13
1164,3466.75,2013-03-14
1165,6603.5,2013-03-15
1166,3934.75,2013-03-16
1167,3110.0,2013-03-17
1168,1825.5,2013-03-18
1169,6773.25,2013-03-19
1170,4148.75,2013-03-20
1171,6577.25,2013-03-21
1172,6767.25,2013-03-22
1173,4790.75,2013-03-23
1174,2211.25,2013-03-24
1175,6773.25,2013-03-25
1176,2602.0,2013-03-26
1177,1941.75,2013-03-27
1178,5847.5,2013-03-28
1179,1046.25,2013-03-29
1180,6733.75,2013-03-30
1181,6168.25,2013-03-31
1182,6432.0,2013-04-01
1183,6665.0,2013-04-02
1184,859.5,2013-04-03
1185,4896.0,2013-04-04
1186,0.0,2013-04-05
1187,1326.25,2013-04-06
1188,6682.0,2013-04-07
1189,6785.0,2013-04-08
1190,6723.0,2013-04-09
1191,3333.5,2013-04-10
1192,5347.25,2013-04-11
1193,4312.75,2013-04-12
1194,1575.0,2013-04-13
1195,6205.75,2013-04-14
1196,6765.25,2013-04-15
1197,162.25,2013-04-16
1198,336.0,2013-04-17
1199,4237.25,2013-04-18
1200,6751.5,2013-04-19
1201,3387.25,2013-04-20
1202,522.5,2013-04-21
1203,960.75,2013-04-22
1204,860.25,2013-04-23
1205,5814.25,2013-04-24
1206,6666.75,2013-04-25
1207,6785.0,2013-04-26
1208,6614.5,2013-04-27
1209,6779.5,2013-04-28
1210,6722.0,2013-04-29
1211,6382.5,2013-04-30
1212,1589.25,2013-05-01
1213,1054.0,2013-05-02
1214,160.75,2013-05-03
1215,22.0,2013-05-04
1216,1000.0,2013-05-05
1217,3373.5,2013-05-06
1218,4299.0,2013-05-07
1219,250.5,2013-05-08
1220,6026.5,2013-05-09
1221,3483.25,2013-05-10
1222,6577.0,2013-05-11
1223,4982.75,2013-05-12
1224,1774.0,2013-05-13
1225,4992.5,2013-05-14
1226,2935.5,2013-05-15
1227,3363.75,2013-05-16
1228,5028.25,2013-05-17
1229,5765.5,2013-05-18
1230,5172.5,2013-05-19
1231,590.25,2013-05-20
1232,0.0,2013-05-21
1233,5078.5,2013-05-22
1234,6477.0,2013-05-23
1235,6132.5,2013-05-24
1236,1388.75,2013-05-25
1237,6785.0,2013-05-26
1238,5720.5,2013-05-27
1239,6188.75,2013-05-28
1240,5116.0,2013-05-29
1241,5854.75,2013-05-30
1242,6372.0,2013-05-31
1243,6655.75,2013-06-01
1244,5899.5,2013-06-02
1245,6785.0,2013-06-03
1246,6785.0,2013-06-04
1247,6785.0,2013-06-05
1248,6785.0,2013-06-06
1249,6784.25,2013-06-07
1250,5682.25,2013-06-08
1251,6784.5,2013-06-09
1252,3360.5,2013-06-10
1253,6778.5,2013-06-11
1254,6785.0,2013-06-12
1255,6785.0,2013-06-13
1256,6785.0,2013-06-14
1257,6785.0,2013-06-15
1258,6785.0,2013-06-16
1259,6732.0,2013-06-17
1260,6785.0,2013-06-18
1261,6782.75,2013-06-19
1262,4300.5,2013-06-20
1263,5735.5,2013-06-21
1264,6785.0,2013-06-22
1265,6785.0,2013-06-23
1266,6746.5,2013-06-24
1267,6785.0,2013-06-25
1268,6781.25,2013-06-26
1269,6784.5,2013-06-27
1270,6785.0,2013-06-28
1271,6785.0,2013-06-29
1272,6783.0,2013-06-30
1273,6785.0,2013-07-01
1274,6774.25,2013-07-02
1275,6682.5,2013-07-03
1276,6785.0,2013-07-04
1277,6785.0,2013-07-05
1278,6785.0,2013-07-06
1279,6784.0,2013-07-07
1280,6784.5,2013-07-08
1281,6785.0,2013-07-09
1282,6771.0,2013-07-10
1283,6785.0,2013-07-11
1284,4671.5,2013-07-12
1285,6785.0,2013-07-13
1286,6785.0,2013-07-14
1287,6785.0,2013-07-15
1288,6785.0,2013-07-16
1289,6785.0,2013-07-17
1290,6785.0,2013-07-18
1291,6784.75,2013-07-19
1292,6785.0,2013-07-20
1293,6785.0,2013-07-21
1294,6785.0,2013-07-22
1295,6785.0,2013-07-23
1296,6785.0,2013-07-24
1297,6785.0,2013-07-25
1298,6785.0,2013-07-26
1299,6785.0,2013-07-27
1300,6612.5,2013-07-28
1301,6785.0,2013-07-29
1302,6785.0,2013-07-30
1303,6785.0,2013-07-31
1304,6783.0,2013-08-01
1305,6785.0,2013-08-02
1306,6785.0,2013-08-03
1307,6784.75,2013-08-04
1308,6785.0,2013-08-05
1309,6785.0,2013-08-06
1310,6785.0,2013-08-07
1311,6785.0,2013-08-08
1312,6785.0,2013-08-09
1313,6769.25,2013-08-10
1314,6784.25,2013-08-11
1315,6605.25,2013-08-12
1316,6612.0,2013-08-13
1317,6785.0,2013-08-14
1318,6785.0,2013-08-15
1319,6785.0,2013-08-16
1320,6785.0,2013-08-17
1321,6785.0,2013-08-18
1322,6785.0,2013-08-19
1323,6778.0,2013-08-20
1324,6785.0,2013-08-21
1325,6780.5,2013-08-22
1326,6785.0,2013-08-23
1327,6785.0,2013-08-24
1328,6784.5,2013-08-25
1329,6785.0,2013-08-26
1330,6785.0,2013-08-27
1331,6785.0,2013-08-28
1332,6785.0,2013-08-29
1333,6066.0,2013-08-30
1334,5590.75,2013-08-31
1335,6768.75,2013-09-01
1336,6694.25,2013-09-02
1337,6784.5,2013-09-03
1338,6785.0,2013-09-04
1339,6623.0,2013-09-05
1340,6785.0,2013-09-06
1341,6780.5,2013-09-07
1342,6783.5,2013-09-08
1343,6785.0,2013-09-09
1344,6785.0,2013-09-10
1345,6785.0,2013-09-11
1346,6785.0,2013-09-12
1347,6785.0,2013-09-13
1348,6785.0,2013-09-14
1349,6784.75,2013-09-15
1350,6785.0,2013-09-16
1351,6784.0,2013-09-17
1352,6785.0,2013-09-18
1353,6785.0,2013-09-19
1354,6766.75,2013-09-20
1355,6782.25,2013-09-21
1356,6778.5,2013-09-22
1357,6781.25,2013-09-23
1358,5960.75,2013-09-24
1359,3251.0,2013-09-25
1360,6785.0,2013-09-26
1361,6785.0,2013-09-27
1362,6785.0,2013-09-28
1363,6785.0,2013-09-29
1364,6785.0,2013-09-30
1365,6785.0,2013-10-01
1366,6785.0,2013-10-02
1367,6785.0,2013-10-03
1368,6785.0,2013-10-04
1369,6785.0,2013-10-05
1370,6356.5,2013-10-06
1371,6562.75,2013-10-07
1372,5592.0,2013-10-08
1373,6782.75,2013-10-09
1374,6748.0,2013-10-10
1375,6784.75,2013-10-11
1376,6785.0,2013-10-12
1377,6785.0,2013-10-13
1378,6785.0,2013-10-14
1379,6460.5,2013-10-15
1380,6784.0,2013-10-16
1381,6785.0,2013-10-17
1382,6737.25,2013-10-18
1383,5383.5,2013-10-19
1384,6594.75,2013-10-20
1385,6645.75,2013-10-21
1386,6746.5,2013-10-22
1387,6783.25,2013-10-23
1388,6785.0,2013-10-24
1389,6640.5,2013-10-25
1390,375.5,2013-10-26
1391,3675.75,2013-10-27
1392,6405.25,2013-10-28
1393,6783.75,2013-10-29
1394,4657.5,2013-10-30
1395,6493.75,2013-10-31
1396,583.0,2013-11-01
1397,78.75,2013-11-02
1398,100.25,2013-11-03
1399,4637.75,2013-11-04
1400,6758.75,2013-11-05
1401,5557.25,2013-11-06
1402,5217.75,2013-11-07
1403,0.0,2013-11-08
1404,103.0,2013-11-09
1405,0.0,2013-11-10
1406,26.25,2013-11-11
1407,5363.0,2013-11-12
1408,51.0,2013-11-13
1409,4644.5,2013-11-14
1410,2864.25,2013-11-15
1411,3757.75,2013-11-16
1412,2288.5,2013-11-17
1413,1000.5,2013-11-18
1414,73.5,2013-11-19
1415,0.0,2013-11-20
1416,171.5,2013-11-21
1417,607.25,2013-11-22
1418,985.0,2013-11-23
1419,6669.0,2013-11-24
1420,6332.5,2013-11-25
1421,6221.75,2013-11-26
1422,5842.25,2013-11-27
1423,907.25,2013-11-28
1424,43.75,2013-11-29
1425,2920.5,2013-11-30
1426,2174.75,2013-12-01
1427,914.25,2013-12-02
1428,5600.0,2013-12-03
1429,3.0,2013-12-04
1430,0.0,2013-12-05
1431,223.25,2013-12-06
1432,4329.5,2013-12-07
1433,84.0,2013-12-08
1434,331.0,2013-12-09
1435,6362.25,2013-12-10
1436,6625.75,2013-12-11
1437,138.5,2013-12-12
1438,1.5,2013-12-13
1439,0.0,2013-12-14
1440,3144.0,2013-12-15
1441,6650.25,2013-12-16
1442,3011.5,2013-12-17
1443,6606.5,2013-12-18
1444,98.5,2013-12-19
1445,3008.5,2013-12-20
1446,6280.0,2013-12-21
1447,3225.75,2013-12-22
1448,6508.75,2013-12-23
1449,1723.75,2013-12-24
1450,6474.75,2013-12-25
1451,5932.0,2013-12-26
1452,3377.5,2013-12-27
1453,6509.75,2013-12-28
1454,4962.75,2013-12-29
1455,248.75,2013-12-30
1456,334.5,2013-12-31
1457,166.0,2014-01-01
1458,974.0,2014-01-02
1459,3620.75,2014-01-03
1460,2283.5,2014-01-04
1461,0.0,2014-01-05
1462,2402.75,2014-01-06
1463,3781.5,2014-01-07
1464,6432.0,2014-01-08
1465,2238.5,2014-01-09
1466,3855.5,2014-01-10
1467,39.0,2014-01-11
1468,1538.5,2014-01-12
1469,1385.25,2014-01-13
1470,26.75,2014-01-14
1471,27.25,2014-01-15
1472,2777.75,2014-01-16
1473,3805.25,2014-01-17
1474,344.0,2014-01-18
1475,6500.25,2014-01-19
1476,5789.0,2014-01-20
1477,4293.5,2014-01-21
1478,4487.0,2014-01-22
1479,3451.25,2014-01-23
1480,6201.5,2014-01-24
1481,624.75,2014-01-25
1482,147.0,2014-01-26
1483,89.5,2014-01-27
1484,461.25,2014-01-28
1485,2387.75,2014-01-29
1486,4480.5,2014-01-30
1487,5553.75,2014-01-31
1488,1733.25,2014-02-01
1489,4594.5,2014-02-02
1490,0.5,2014-02-03
1491,1.75,2014-02-04
1492,270.5,2014-02-05
1493,2865.5,2014-02-06
1494,4828.75,2014-02-07
1495,3915.0,2014-02-08
1496,5974.0,2014-02-09
1497,2299.5,2014-02-10
1498,5703.5,2014-02-11
1499,6228.5,2014-02-12
1500,6040.25,2014-02-13
1501,6495.25,2014-02-14
1502,5899.75,2014-02-15
1503,88.75,2014-02-16
1504,0.0,2014-02-17
1505,1919.0,2014-02-18
1506,1924.0,2014-02-19
1507,4783.0,2014-02-20
1508,6581.25,2014-02-21
1509,5415.5,2014-02-22
1510,3301.75,2014-02-23
1511,5847.25,2014-02-24
1512,6686.5,2014-02-25
1513,625.25,2014-02-26
1514,3820.75,2014-02-27
1515,3071.0,2014-02-28
1516,12.5,2014-03-01
1517,6718.25,2014-03-02
1518,0.0,2014-03-03
1519,137.0,2014-03-04
1520,3670.5,2014-03-05
1521,6718.5,2014-03-06
1522,3516.75,2014-03-07
1523,6782.25,2014-03-08
1524,0.0,2014-03-09
1525,0.0,2014-03-10
1526,3894.25,2014-03-11
1527,0.0,2014-03-12
1528,137.75,2014-03-13
1529,674.25,2014-03-14
1530,3.75,2014-03-15
1531,2478.5,2014-03-16
1532,2897.5,2014-03-17
1533,1635.5,2014-03-18
1534,409.25,2014-03-19
1535,5453.0,2014-03-20
1536,6704.0,2014-03-21
1537,6695.25,2014-03-22
1538,6736.25,2014-03-23
1539,6766.25,2014-03-24
1540,1954.75,2014-03-25
1541,5283.25,2014-03-26
1542,6479.25,2014-03-27
1543,6773.25,2014-03-28
1544,6701.5,2014-03-29
1545,0.75,2014-03-30
1546,1659.75,2014-03-31
1547,5558.5,2014-04-01
1548,1804.75,2014-04-02
1549,2569.0,2014-04-03
1550,3125.0,2014-04-04
1551,6632.25,2014-04-05
1552,6748.0,2014-04-06
1553,4820.75,2014-04-07
1554,34.25,2014-04-08
1555,5243.25,2014-04-09
1556,809.25,2014-04-10
1557,5447.25,2014-04-11
1558,212.5,2014-04-12
1559,0.0,2014-04-13
1560,1652.5,2014-04-14
1561,3476.5,2014-04-15
1562,4229.5,2014-04-16
1563,2578.0,2014-04-17
1564,6666.5,2014-04-18
1565,6785.0,2014-04-19
1566,1006.25,2014-04-20
1567,4230.5,2014-04-21
1568,2665.75,2014-04-22
1569,6695.25,2014-04-23
1570,6785.0,2014-04-24
1571,6785.0,2014-04-25
1572,1556.0,2014-04-26
1573,0.0,2014-04-27
1574,4525.0,2014-04-28
1575,6783.5,2014-04-29
1576,5269.75,2014-04-30
1577,5882.0,2014-05-01
1578,6595.75,2014-05-02
1579,5975.25,2014-05-03
1580,6785.0,2014-05-04
1581,6785.0,2014-05-05
1582,6688.5,2014-05-06
1583,5140.25,2014-05-07
1584,4736.75,2014-05-08
1585,1776.0,2014-05-09
1586,115.0,2014-05-10
1587,6754.25,2014-05-11
1588,5574.0,2014-05-12
1589,3998.5,2014-05-13
1590,1682.5,2014-05-14
1591,4409.5,2014-05-15
1592,6780.25,2014-05-16
1593,6429.75,2014-05-17
1594,6147.0,2014-05-18
1595,57.25,2014-05-19
1596,128.5,2014-05-20
1597,1005.0,2014-05-21
1598,275.0,2014-05-22
1599,1027.0,2014-05-23
1600,4137.25,2014-05-24
1601,6781.25,2014-05-25
1602,6783.0,2014-05-26
1603,5515.0,2014-05-27
1604,5172.0,2014-05-28
1605,3105.5,2014-05-29
1606,6175.0,2014-05-30
1607,6785.0,2014-05-31
1608,5697.5,2014-06-01
1609,0.0,2014-06-02
1610,3234.25,2014-06-03
1611,1349.0,2014-06-04
1612,991.5,2014-06-05
1613,4912.5,2014-06-06
1614,6785.0,2014-06-07
1615,1752.75,2014-06-08
1616,6590.75,2014-06-09
1617,6513.75,2014-06-10
1618,3037.0,2014-06-11
1619,6784.25,2014-06-12
1620,1293.25,2014-06-13
1621,6744.0,2014-06-14
1622,6697.75,2014-06-15
1623,6785.0,2014-06-16
1624,6784.5,2014-06-17
1625,6785.0,2014-06-18
1626,6785.0,2014-06-19
1627,6705.5,2014-06-20
1628,6774.5,2014-06-21
1629,6763.75,2014-06-22
1630,6785.0,2014-06-23
1631,6785.0,2014-06-24
1632,6785.0,2014-06-25
1633,6778.5,2014-06-26
1634,6784.25,2014-06-27
1635,6785.0,2014-06-28
1636,5237.25,2014-06-29
1637,5151.0,2014-06-30
1638,6784.75,2014-07-01
1639,6626.0,2014-07-02
1640,5980.5,2014-07-03
1641,6095.75,2014-07-04
1642,4828.5,2014-07-05
1643,5876.75,2014-07-06
1644,6448.75,2014-07-07
1645,6785.0,2014-07-08
1646,6785.0,2014-07-09
1647,6785.0,2014-07-10
1648,6785.0,2014-07-11
1649,6785.0,2014-07-12
1650,4910.75,2014-07-13
1651,6785.0,2014-07-14
1652,6725.25,2014-07-15
1653,6777.25,2014-07-16
1654,6739.0,2014-07-17
1655,6779.25,2014-07-18
1656,6785.0,2014-07-19
1657,6785.0,2014-07-20
1658,6689.25,2014-07-21
1659,6774.75,2014-07-22
1660,6785.0,2014-07-23
1661,6785.0,2014-07-24
1662,6742.25,2014-07-25
1663,6723.5,2014-07-26
1664,6785.0,2014-07-27
1665,6785.0,2014-07-28
1666,6250.5,2014-07-29
1667,6785.0,2014-07-30
1668,6785.0,2014-07-31
1669,6785.0,2014-08-01
1670,6785.0,2014-08-02
1671,6785.0,2014-08-03
1672,6785.0,2014-08-04
1673,6785.0,2014-08-05
1674,6785.0,2014-08-06
1675,6784.75,2014-08-07
1676,6785.0,2014-08-08
1677,6785.0,2014-08-09
1678,6785.0,2014-08-10
1679,6785.0,2014-08-11
1680,6785.0,2014-08-12
1681,6785.0,2014-08-13
1682,6635.25,2014-08-14
1683,6784.5,2014-08-15
1684,6716.5,2014-08-16
1685,6779.25,2014-08-17
1686,6740.5,2014-08-18
1687,5587.0,2014-08-19
1688,6750.75,2014-08-20
1689,6783.75,2014-08-21
1690,6785.0,2014-08-22
1691,6728.75,2014-08-23
1692,6785.0,2014-08-24
1693,6785.0,2014-08-25
1694,6785.0,2014-08-26
1695,5202.5,2014-08-27
1696,6401.0,2014-08-28
1697,5930.5,2014-08-29
1698,6777.5,2014-08-30
1699,6700.5,2014-08-31
1700,6771.75,2014-09-01
1701,6713.25,2014-09-02
1702,6785.0,2014-09-03
1703,6785.0,2014-09-04
1704,6785.0,2014-09-05
1705,6785.0,2014-09-06
1706,6785.0,2014-09-07
1707,6779.75,2014-09-08
1708,6785.0,2014-09-09
1709,6784.25,2014-09-10
1710,6785.0,2014-09-11
1711,6785.0,2014-09-12
1712,6785.0,2014-09-13
1713,6785.0,2014-09-14
1714,6785.0,2014-09-15
1715,6770.0,2014-09-16
1716,6779.0,2014-09-17
1717,6785.0,2014-09-18
1718,6785.0,2014-09-19
1719,6785.0,2014-09-20
1720,6741.0,2014-09-21
1721,6785.0,2014-09-22
1722,6785.0,2014-09-23
1723,6782.0,2014-09-24
1724,6783.0,2014-09-25
1725,3262.5,2014-09-26
1726,6785.0,2014-09-27
1727,6785.0,2014-09-28
1728,6785.0,2014-09-29
1729,6785.0,2014-09-30
1730,6785.0,2014-10-01
1731,6451.75,2014-10-02
1732,4779.75,2014-10-03
1733,6785.0,2014-10-04
1734,6784.75,2014-10-05
1735,6785.0,2014-10-06
1736,6785.0,2014-10-07
1737,6762.5,2014-10-08
1738,6056.25,2014-10-09
1739,1627.5,2014-10-10
1740,5544.75,2014-10-11
1741,4328.0,2014-10-12
1742,4166.5,2014-10-13
1743,3867.0,2014-10-14
1744,1160.5,2014-10-15
1745,317.0,2014-10-16
1746,24.25,2014-10-17
1747,152.25,2014-10-18
1748,41.5,2014-10-19
1749,1401.5,2014-10-20
1750,1204.5,2014-10-21
1751,6720.0,2014-10-22
1752,4268.75,2014-10-23
1753,6784.25,2014-10-24
1754,6784.75,2014-10-25
1755,0.0,2014-10-26
1756,6784.75,2014-10-27
1757,6554.0,2014-10-28
1758,2256.5,2014-10-29
1759,2410.75,2014-10-30
1760,978.0,2014-10-31
1761,2652.75,2014-11-01
1762,81.0,2014-11-02
1763,361.5,2014-11-03
1764,268.75,2014-11-04
1765,4913.0,2014-11-05
1766,6774.25,2014-11-06
1767,6552.75,2014-11-07
1768,6776.75,2014-11-08
1769,6097.5,2014-11-09
1770,6774.75,2014-11-10
1771,2375.25,2014-11-11
1772,6766.5,2014-11-12
1773,6783.0,2014-11-13
1774,922.0,2014-11-14
1775,3724.75,2014-11-15
1776,2066.5,2014-11-16
1777,455.5,2014-11-17
1778,2.25,2014-11-18
1779,5834.75,2014-11-19
1780,5887.5,2014-11-20
1781,3854.25,2014-11-21
1782,339.75,2014-11-22
1783,733.5,2014-11-23
1784,395.25,2014-11-24
1785,0.0,2014-11-25
1786,1629.0,2014-11-26
1787,13.5,2014-11-27
1788,4292.75,2014-11-28
1789,5784.25,2014-11-29
1790,6228.5,2014-11-30
1791,3659.75,2014-12-01
1792,7.0,2014-12-02
1793,2485.5,2014-12-03
1794,2692.25,2014-12-04
1795,3366.25,2014-12-05
1796,5964.25,2014-12-06
1797,6397.5,2014-12-07
1798,6741.0,2014-12-08
1799,4544.0,2014-12-09
1800,121.75,2014-12-10
1801,2615.0,2014-12-11
1802,2420.25,2014-12-12
1803,5571.0,2014-12-13
1804,3467.0,2014-12-14
1805,0.25,2014-12-15
1806,273.5,2014-12-16
1807,4244.75,2014-12-17
1808,778.5,2014-12-18
1809,851.5,2014-12-19
1810,0.0,2014-12-20
1811,2464.5,2014-12-21
1812,5860.25,2014-12-22
1813,2087.25,2014-12-23
1814,4278.5,2014-12-24
1815,4284.5,2014-12-25
1816,6651.75,2014-12-26
1817,5.25,2014-12-27
1818,1577.0,2014-12-28
1819,6726.75,2014-12-29
1820,6717.75,2014-12-30
1821,6773.5,2014-12-31
1822,5153.25,2015-01-01
1823,5197.75,2015-01-02
1824,859.0,2015-01-03
1825,1473.75,2015-01-04
1826,2652.25,2015-01-05
1827,5227.5,2015-01-06
1828,29.75,2015-01-07
1829,190.75,2015-01-08
1830,858.25,2015-01-09
1831,297.75,2015-01-10
1832,41.5,2015-01-11
1833,2155.25,2015-01-12
1834,6403.25,2015-01-13
1835,6516.0,2015-01-14
1836,6295.75,2015-01-15
1837,2781.5,2015-01-16
1838,3292.75,2015-01-17
1839,5126.5,2015-01-18
1840,3810.75,2015-01-19
1841,3993.5,2015-01-20
1842,3421.75,2015-01-21
1843,6573.0,2015-01-22
1844,6522.0,2015-01-23
1845,6434.0,2015-01-24
1846,3243.75,2015-01-25
1847,1098.5,2015-01-26
1848,4187.75,2015-01-27
1849,0.0,2015-01-28
1850,0.0,2015-01-29
1851,269.5,2015-01-30
1852,6754.5,2015-01-31
1853,6475.0,2015-02-01
1854,6545.0,2015-02-02
1855,3264.25,2015-02-03
1856,2964.25,2015-02-04
1857,6741.5,2015-02-05
1858,6026.5,2015-02-06
1859,714.25,2015-02-07
1860,476.75,2015-02-08
1861,4268.25,2015-02-09
1862,1787.5,2015-02-10
1863,8.25,2015-02-11
1864,1420.5,2015-02-12
1865,2180.25,2015-02-13
1866,6582.0,2015-02-14
1867,6069.75,2015-02-15
1868,0.0,2015-02-16
1869,4149.75,2015-02-17
1870,4876.0,2015-02-18
1871,3639.75,2015-02-19
1872,94.25,2015-02-20
1873,2.0,2015-02-21
1874,1414.25,2015-02-22
1875,6083.75,2015-02-23
1876,6129.0,2015-02-24
1877,41.5,2015-02-25
1878,4276.5,2015-02-26
1879,5742.25,2015-02-27
1880,6709.25,2015-02-28
1881,1589.5,2015-03-01
1882,5839.25,2015-03-02
1883,2607.0,2015-03-03
1884,358.5,2015-03-04
1885,2300.5,2015-03-05
1886,6512.5,2015-03-06
1887,6763.5,2015-03-07
1888,5080.0,2015-03-08
1889,4399.75,2015-03-09
1890,4622.75,2015-03-10
1891,5889.25,2015-03-11
1892,1721.5,2015-03-12
1893,1555.0,2015-03-13
1894,6680.25,2015-03-14
1895,5823.5,2015-03-15
1896,6395.75,2015-03-16
1897,781.5,2015-03-17
1898,5831.75,2015-03-18
1899,4350.0,2015-03-19
1900,1495.75,2015-03-20
1901,6059.25,2015-03-21
1902,53.5,2015-03-22
1903,913.25,2015-03-23
1904,74.75,2015-03-24
1905,2792.25,2015-03-25
1906,336.25,2015-03-26
1907,6563.0,2015-03-27
1908,314.5,2015-03-28
1909,0.0,2015-03-29
1910,183.5,2015-03-30
1911,3657.0,2015-03-31
1912,2066.5,2015-04-01
1913,6747.5,2015-04-02
1914,1470.75,2015-04-03
1915,6719.5,2015-04-04
1916,6772.25,2015-04-05
1917,6785.0,2015-04-06
1918,6709.25,2015-04-07
1919,6654.25,2015-04-08
1920,6754.5,2015-04-09
1921,4153.25,2015-04-10
1922,0.0,2015-04-11
1923,2220.0,2015-04-12
1924,1.0,2015-04-13
1925,4308.5,2015-04-14
1926,6783.5,2015-04-15
1927,1994.5,2015-04-16
1928,6782.75,2015-04-17
1929,6688.5,2015-04-18
1930,6783.5,2015-04-19
1931,6778.0,2015-04-20
1932,5822.0,2015-04-21
1933,5777.0,2015-04-22
1934,3845.5,2015-04-23
1935,6445.25,2015-04-24
1936,6777.5,2015-04-25
1937,6782.75,2015-04-26
1938,6785.0,2015-04-27
1939,5147.25,2015-04-28
1940,6785.0,2015-04-29
1941,6784.75,2015-04-30
1942,6330.25,2015-05-01
1943,6766.75,2015-05-02
1944,6785.0,2015-05-03
1945,6228.0,2015-05-04
1946,303.75,2015-05-05
1947,6441.75,2015-05-06
1948,1.5,2015-05-07
1949,5236.5,2015-05-08
1950,370.0,2015-05-09
1951,2927.5,2015-05-10
1952,5738.75,2015-05-11
1953,6778.0,2015-05-12
1954,4160.75,2015-05-13
1955,0.0,2015-05-14
1956,3256.0,2015-05-15
1957,6785.0,2015-05-16
1958,6785.0,2015-05-17
1959,6785.0,2015-05-18
1960,6686.75,2015-05-19
1961,6781.25,2015-05-20
1962,6724.0,2015-05-21
1963,1036.25,2015-05-22
1964,4771.5,2015-05-23
1965,6784.5,2015-05-24
1966,6573.25,2015-05-25
1967,6481.25,2015-05-26
1968,3929.25,2015-05-27
1969,2848.0,2015-05-28
1970,60.25,2015-05-29
1971,1133.25,2015-05-30
1972,3918.5,2015-05-31
1973,3261.5,2015-06-01
1974,6785.0,2015-06-02
1975,6773.75,2015-06-03
1976,6785.0,2015-06-04
1977,6785.0,2015-06-05
1978,6780.0,2015-06-06
1979,6538.75,2015-06-07
1980,6784.75,2015-06-08
1981,6785.0,2015-06-09
1982,6785.0,2015-06-10
1983,6785.0,2015-06-11
1984,6784.75,2015-06-12
1985,6780.5,2015-06-13
1986,6785.0,2015-06-14
1987,6784.75,2015-06-15
1988,6784.0,2015-06-16
1989,6682.75,2015-06-17
1990,2921.5,2015-06-18
1991,6785.0,2015-06-19
1992,6785.0,2015-06-20
1993,6785.0,2015-06-21
1994,6785.0,2015-06-22
1995,6785.0,2015-06-23
1996,6785.0,2015-06-24
1997,6678.75,2015-06-25
1998,6271.0,2015-06-26
1999,6387.25,2015-06-27
2000,6785.0,2015-06-28
2001,6785.0,2015-06-29
2002,6655.25,2015-06-30
2003,6785.0,2015-07-01
2004,6701.75,2015-07-02
2005,6777.75,2015-07-03
2006,6646.75,2015-07-04
2007,5783.75,2015-07-05
2008,6249.0,2015-07-06
2009,6165.25,2015-07-07
2010,6785.0,2015-07-08
2011,5869.25,2015-07-09
2012,6689.5,2015-07-10
2013,6196.75,2015-07-11
2014,5649.75,2015-07-12
2015,6720.75,2015-07-13
2016,6785.0,2015-07-14
2017,6289.25,2015-07-15
2018,5511.25,2015-07-16
2019,5985.0,2015-07-17
2020,6741.5,2015-07-18
2021,6695.75,2015-07-19
2022,6641.5,2015-07-20
2023,6784.5,2015-07-21
2024,2723.75,2015-07-22
2025,6398.0,2015-07-23
2026,6782.75,2015-07-24
2027,6781.75,2015-07-25
2028,6785.0,2015-07-26
2029,6785.0,2015-07-27
2030,6785.0,2015-07-28
2031,6785.0,2015-07-29
2032,6744.0,2015-07-30
2033,6160.75,2015-07-31
2034,5932.75,2015-08-01
2035,6784.25,2015-08-02
2036,6702.0,2015-08-03
2037,6496.25,2015-08-04
2038,6588.0,2015-08-05
2039,6781.25,2015-08-06
2040,6761.25,2015-08-07
2041,6785.0,2015-08-08
2042,6785.0,2015-08-09
2043,6411.5,2015-08-10
2044,6785.0,2015-08-11
2045,6785.0,2015-08-12
2046,6785.0,2015-08-13
2047,6785.0,2015-08-14
2048,6785.0,2015-08-15
2049,6785.0,2015-08-16
2050,6785.0,2015-08-17
2051,6785.0,2015-08-18
2052,6785.0,2015-08-19
2053,6785.0,2015-08-20
2054,6785.0,2015-08-21
2055,6785.0,2015-08-22
2056,6785.0,2015-08-23
2057,6785.0,2015-08-24
2058,6785.0,2015-08-25
2059,6237.25,2015-08-26
2060,6785.0,2015-08-27
2061,6748.25,2015-08-28
2062,6692.25,2015-08-29
2063,6784.75,2015-08-30
2064,694.75,2015-08-31
2065,546.75,2015-09-01
2066,2513.75,2015-09-02
2067,6772.5,2015-09-03
2068,6785.0,2015-09-04
2069,6781.75,2015-09-05
2070,6443.5,2015-09-06
2071,3520.0,2015-09-07
2072,4732.75,2015-09-08
2073,3244.25,2015-09-09
2074,6737.25,2015-09-10
2075,6708.75,2015-09-11
2076,6785.0,2015-09-12
2077,6228.75,2015-09-13
2078,6785.0,2015-09-14
2079,6760.5,2015-09-15
2080,5478.5,2015-09-16
2081,6316.5,2015-09-17
2082,6774.75,2015-09-18
2083,6779.25,2015-09-19
2084,6784.25,2015-09-20
2085,6744.25,2015-09-21
2086,6697.75,2015-09-22
2087,6785.0,2015-09-23
2088,6785.0,2015-09-24
2089,6785.0,2015-09-25
2090,6016.25,2015-09-26
2091,5928.5,2015-09-27
2092,3978.5,2015-09-28
2093,3529.5,2015-09-29
2094,3377.5,2015-09-30
2095,4559.0,2015-10-01
2096,6777.25,2015-10-02
2097,5313.5,2015-10-03
2098,4302.0,2015-10-04
2099,6784.25,2015-10-05
2100,98.5,2015-10-06
2101,142.0,2015-10-07
2102,3859.0,2015-10-08
2103,1549.0,2015-10-09
2104,6477.25,2015-10-10
2105,6785.0,2015-10-11
2106,6785.0,2015-10-12
2107,2095.0,2015-10-13
2108,3256.0,2015-10-14
2109,6056.5,2015-10-15
2110,5670.75,2015-10-16
2111,3551.5,2015-10-17
2112,6760.5,2015-10-18
2113,6740.75,2015-10-19
2114,429.25,2015-10-20
2115,1312.25,2015-10-21
2116,0.0,2015-10-22
2117,6641.75,2015-10-23
2118,6580.75,2015-10-24
2119,3536.5,2015-10-25
2120,866.25,2015-10-26
2121,0.0,2015-10-27
2122,0.0,2015-10-28
2123,0.0,2015-10-29
2124,165.0,2015-10-30
2125,2783.5,2015-10-31
2126,1623.75,2015-11-01
2127,1521.25,2015-11-02
2128,2029.75,2015-11-03
2129,6356.0,2015-11-04
2130,0.0,2015-11-05
2131,1444.25,2015-11-06
2132,4071.75,2015-11-07
2133,3769.5,2015-11-08
2134,364.25,2015-11-09
2135,39.0,2015-11-10
2136,5843.25,2015-11-11
2137,2197.25,2015-11-12
2138,6771.5,2015-11-13
2139,6499.75,2015-11-14
2140,6764.75,2015-11-15
2141,425.25,2015-11-16
2142,0.0,2015-11-17
2143,5.5,2015-11-18
2144,101.75,2015-11-19
2145,3190.5,2015-11-20
2146,3204.5,2015-11-21
2147,6745.0,2015-11-22
2148,6742.75,2015-11-23
2149,6443.5,2015-11-24
2150,6754.25,2015-11-25
2151,3396.0,2015-11-26
2152,5903.0,2015-11-27
2153,3126.25,2015-11-28
2154,6755.5,2015-11-29
2155,3051.75,2015-11-30
2156,21.25,2015-12-01
2157,0.0,2015-12-02
2158,695.5,2015-12-03
2159,3112.0,2015-12-04
2160,1494.0,2015-12-05
2161,230.5,2015-12-06
2162,1723.5,2015-12-07
2163,5771.75,2015-12-08
2164,5675.5,2015-12-09
2165,5060.5,2015-12-10
2166,5317.25,2015-12-11
2167,1031.0,2015-12-12
2168,786.25,2015-12-13
2169,0.0,2015-12-14
2170,1959.0,2015-12-15
2171,3274.5,2015-12-16
2172,5007.75,2015-12-17
2173,1.75,2015-12-18
2174,1516.25,2015-12-19
2175,754.25,2015-12-20
2176,1403.5,2015-12-21
2177,6612.25,2015-12-22
2178,2913.25,2015-12-23
2179,1292.0,2015-12-24
2180,3259.5,2015-12-25
2181,6115.75,2015-12-26
2182,2035.75,2015-12-27
2183,3352.75,2015-12-28
2184,6610.5,2015-12-29
2185,0.0,2015-12-30
2186,3897.25,2015-12-31
2187,11.5,2016-01-01
2188,127.0,2016-01-02
2189,2003.25,2016-01-03
2190,1599.75,2016-01-04
2191,6274.75,2016-01-05
2192,4.5,2016-01-06
2193,2147.5,2016-01-07
2194,0.0,2016-01-08
2195,139.5,2016-01-09
2196,4226.25,2016-01-10
2197,6012.25,2016-01-11
2198,2794.25,2016-01-12
2199,4102.25,2016-01-13
2200,6691.0,2016-01-14
2201,1004.25,2016-01-15
2202,6672.25,2016-01-16
2203,6670.0,2016-01-17
2204,6359.75,2016-01-18
2205,29.0,2016-01-19
2206,3532.5,2016-01-20
2207,6710.25,2016-01-21
2208,590.0,2016-01-22
2209,0.0,2016-01-23
2210,0.0,2016-01-24
2211,575.0,2016-01-25
2212,40.75,2016-01-26
2213,929.5,2016-01-27
2214,1805.5,2016-01-28
2215,2467.25,2016-01-29
2216,6021.75,2016-01-30
2217,1709.5,2016-01-31
2218,4910.5,2016-02-01
2219,1388.25,2016-02-02
2220,6101.5,2016-02-03
2221,6659.0,2016-02-04
2222,5856.75,2016-02-05
2223,1159.0,2016-02-06
2224,290.25,2016-02-07
2225,494.75,2016-02-08
2226,1517.5,2016-02-09
2227,5767.25,2016-02-10
2228,301.0,2016-02-11
2229,3984.75,2016-02-12
2230,6569.75,2016-02-13
2231,4877.0,2016-02-14
2232,5064.5,2016-02-15
2233,3677.5,2016-02-16
2234,6680.25,2016-02-17
2235,6747.25,2016-02-18
2236,36.5,2016-02-28
2237,4266.25,2016-02-29
2238,6472.5,2016-03-01
2239,6765.25,2016-03-02
2240,32.5,2016-03-03
2241,243.75,2016-03-04
2242,3203.25,2016-03-05
2243,6202.0,2016-03-06
2244,6780.0,2016-03-07
2245,6741.5,2016-03-08
2246,6781.25,2016-03-09
2247,6728.5,2016-03-10
2248,156.75,2016-03-11
2249,6772.75,2016-03-12
2250,6287.5,2016-03-13
2251,1169.0,2016-03-14
2252,112.25,2016-03-15
2253,17.75,2016-03-16
2254,28.75,2016-03-17
2255,3027.25,2016-03-18
2256,4388.25,2016-03-19
2257,812.25,2016-03-20
2258,1818.0,2016-03-21
2259,2660.25,2016-03-22
2260,6453.5,2016-03-23
2261,43.25,2016-03-24
2262,1980.0,2016-03-25
2263,0.0,2016-03-26
2264,0.0,2016-03-27
2265,0.0,2016-03-28
2266,4491.0,2016-03-29
2267,4915.0,2016-03-30
2268,3890.75,2016-03-31
2269,2465.0,2016-04-01
2270,6737.5,2016-04-02
2271,3032.75,2016-04-03
2272,6524.75,2016-04-04
2273,6781.5,2016-04-05
2274,4976.5,2016-04-06
2275,6573.25,2016-04-07
2276,5971.5,2016-04-08
2277,3820.0,2016-04-09
2278,1525.5,2016-04-10
2279,0.0,2016-04-11
2280,3260.5,2016-04-12
2281,31.75,2016-04-13
2282,4385.75,2016-04-14
2283,551.25,2016-04-15
2284,3229.0,2016-04-16
2285,6301.5,2016-04-17
2286,6765.0,2016-04-18
2287,6519.75,2016-04-19
2288,6783.5,2016-04-20
2289,6783.25,2016-04-21
2290,6200.0,2016-04-22
2291,6215.5,2016-04-23
2292,6060.75,2016-04-24
2293,3014.0,2016-04-25
2294,247.0,2016-04-26
2295,6106.5,2016-04-27
2296,394.0,2016-04-28
2297,0.0,2016-04-29
2298,6755.25,2016-04-30
2299,6048.75,2016-05-01
2300,644.75,2016-05-02
2301,1241.5,2016-05-03
2302,6397.75,2016-05-04
2303,530.75,2016-05-05
2304,0.0,2016-05-06
2305,5372.25,2016-05-07
2306,5221.5,2016-05-08
2307,1662.0,2016-05-09
2308,2506.0,2016-05-10
2309,108.0,2016-05-11
2310,77.75,2016-05-12
2311,6766.75,2016-05-13
2312,6743.0,2016-05-14
2313,6785.0,2016-05-15
2314,3047.75,2016-05-16
2315,6731.5,2016-05-17
2316,3825.5,2016-05-18
2317,839.25,2016-05-19
2318,6785.0,2016-05-20
2319,6784.5,2016-05-21
2320,6748.0,2016-05-22
2321,6784.0,2016-05-23
2322,2803.5,2016-05-24
2323,6708.0,2016-05-25
2324,5786.5,2016-05-26
2325,6785.0,2016-05-27
2326,6785.0,2016-05-28
2327,6785.0,2016-05-29
2328,6781.25,2016-05-30
2329,6775.25,2016-05-31
2330,6069.5,2016-06-01
2331,5627.5,2016-06-02
2332,6785.0,2016-06-03
2333,6759.75,2016-06-04
2334,6486.5,2016-06-05
2335,6755.75,2016-06-06
2336,6785.0,2016-06-07
2337,6784.75,2016-06-08
2338,4953.0,2016-06-09
2339,5221.0,2016-06-10
2340,6785.0,2016-06-11
2341,6785.0,2016-06-12
2342,6758.0,2016-06-13
2343,6785.0,2016-06-14
2344,6785.0,2016-06-15
2345,5983.5,2016-06-16
2346,1992.5,2016-06-17
2347,2644.5,2016-06-18
2348,6780.5,2016-06-19
2349,6774.0,2016-06-20
2350,6785.0,2016-06-21
2351,6784.25,2016-06-22
2352,6785.0,2016-06-23
2353,6784.0,2016-06-24
2354,6654.25,2016-06-25
2355,6785.0,2016-06-26
2356,6785.0,2016-06-27
2357,6784.5,2016-06-28
2358,6775.25,2016-06-29
2359,6785.0,2016-06-30
2360,6785.0,2016-07-01
2361,6785.0,2016-07-02
2362,6785.0,2016-07-03
2363,6785.0,2016-07-04
2364,6765.0,2016-07-05
2365,6595.5,2016-07-06
2366,6724.25,2016-07-07
2367,6785.0,2016-07-08
2368,6785.0,2016-07-09
2369,6784.5,2016-07-10
2370,6784.5,2016-07-11
2371,6785.0,2016-07-12
2372,6784.75,2016-07-13
2373,6785.0,2016-07-14
2374,6785.0,2016-07-15
2375,6785.0,2016-07-16
2376,6785.0,2016-07-17
2377,6785.0,2016-07-18
2378,6785.0,2016-07-19
2379,6715.25,2016-07-20
2380,6774.25,2016-07-21
2381,6785.0,2016-07-22
2382,6785.0,2016-07-23
2383,6785.0,2016-07-24
2384,6654.75,2016-07-25
2385,6785.0,2016-07-26
2386,6749.25,2016-07-27
2387,6785.0,2016-07-28
2388,6785.0,2016-07-29
2389,6782.5,2016-07-30
2390,6785.0,2016-07-31
2391,6785.0,2016-08-01
2392,6785.0,2016-08-02
2393,6785.0,2016-08-03
2394,6785.0,2016-08-04
2395,6767.75,2016-08-05
2396,6785.0,2016-08-06
2397,6785.0,2016-08-07
2398,6785.0,2016-08-08
2399,6785.0,2016-08-09
2400,6785.0,2016-08-10
2401,6785.0,2016-08-11
2402,6784.0,2016-08-12
2403,6785.0,2016-08-13
2404,6785.0,2016-08-14
2405,6785.0,2016-08-15
2406,6785.0,2016-08-16
2407,4262.5,2016-08-17
2408,6378.0,2016-08-18
2409,4585.25,2016-08-19
2410,6352.5,2016-08-20
2411,6785.0,2016-08-21
2412,6785.0,2016-08-22
2413,6782.5,2016-08-23
2414,6785.0,2016-08-24
2415,6179.0,2016-08-25
2416,6725.5,2016-08-26
2417,6771.25,2016-08-27
2418,6460.5,2016-08-28
2419,6696.5,2016-08-29
2420,6315.25,2016-08-30
2421,3585.5,2016-08-31
2422,3598.25,2016-09-01
2423,5261.0,2016-09-02
2424,6782.25,2016-09-03
2425,6768.0,2016-09-04
2426,6785.0,2016-09-05
2427,6785.0,2016-09-06
2428,6784.75,2016-09-07
2429,6784.5,2016-09-08
2430,6785.0,2016-09-09
2431,6785.0,2016-09-10
2432,6785.0,2016-09-11
2433,6785.0,2016-09-12
2434,6784.75,2016-09-13
2435,6785.0,2016-09-14
2436,6784.75,2016-09-15
2437,6046.75,2016-09-16
2438,6736.75,2016-09-17
2439,6785.0,2016-09-18
2440,6785.0,2016-09-19
2441,6785.0,2016-09-20
2442,6785.0,2016-09-21
2443,6784.75,2016-09-22
2444,6785.0,2016-09-23
2445,6584.25,2016-09-24
2446,6708.75,2016-09-25
2447,6785.0,2016-09-26
2448,6785.0,2016-09-27
2449,6785.0,2016-09-28
2450,6780.75,2016-09-29
2451,6785.0,2016-09-30
2452,2411.75,2016-10-01
2453,5684.0,2016-10-02
2454,6785.0,2016-10-03
2455,6785.0,2016-10-04
2456,6785.0,2016-10-05
2457,6785.0,2016-10-06
2458,6785.0,2016-10-07
2459,6784.5,2016-10-08
2460,6785.0,2016-10-09
2461,6729.25,2016-10-10
2462,6785.0,2016-10-11
2463,6776.25,2016-10-12
2464,6785.0,2016-10-13
2465,6785.0,2016-10-14
2466,4855.5,2016-10-15
2467,6665.25,2016-10-16
2468,6778.0,2016-10-17
2469,6591.5,2016-10-18
2470,6480.25,2016-10-19
2471,6764.25,2016-10-20
2472,6785.0,2016-10-21
2473,2591.75,2016-10-22
2474,6782.25,2016-10-23
2475,5549.5,2016-10-24
2476,6336.25,2016-10-25
2477,763.75,2016-10-26
2478,5522.25,2016-10-27
2479,5018.5,2016-10-28
2480,5898.0,2016-10-29
2481,6764.0,2016-10-30
2482,3888.5,2016-10-31
2483,6739.75,2016-11-01
2484,1037.5,2016-11-02
2485,6779.0,2016-11-03
2486,2816.75,2016-11-04
2487,6737.75,2016-11-05
2488,6142.5,2016-11-06
2489,5191.5,2016-11-07
2490,3635.0,2016-11-08
2491,6755.75,2016-11-09
2492,6360.0,2016-11-10
2493,3840.0,2016-11-11
2494,6264.0,2016-11-12
2495,2043.5,2016-11-13
2496,6774.5,2016-11-14
2497,4048.5,2016-11-15
2498,3149.75,2016-11-16
2499,484.75,2016-11-17
2500,2850.5,2016-11-18
2501,4454.75,2016-11-19
2502,6728.75,2016-11-20
2503,3715.5,2016-11-21
2504,6523.75,2016-11-22
2505,2284.5,2016-11-23
2506,1331.25,2016-11-24
2507,6696.25,2016-11-25
2508,6582.75,2016-11-26
2509,6628.5,2016-11-27
2510,5983.25,2016-11-28
2511,6765.5,2016-11-29
2512,3434.75,2016-11-30
2513,14.0,2016-12-01
2514,0.0,2016-12-02
2515,4838.75,2016-12-03
2516,6756.5,2016-12-04
2517,55.75,2016-12-05
2518,5394.25,2016-12-06
2519,3180.0,2016-12-07
2520,3023.5,2016-12-08
2521,3331.0,2016-12-09
2522,6707.5,2016-12-10
2523,6629.5,2016-12-11
2524,6621.0,2016-12-12
2525,633.5,2016-12-13
2526,3741.0,2016-12-14
2527,3424.5,2016-12-15
2528,568.0,2016-12-16
2529,1530.25,2016-12-17
2530,5026.0,2016-12-18
2531,504.25,2016-12-19
2532,1226.75,2016-12-20
2533,4566.0,2016-12-21
2534,3938.5,2016-12-22
2535,692.75,2016-12-23
2536,0.0,2016-12-24
2537,0.0,2016-12-25
2538,950.25,2016-12-26
2539,43.25,2016-12-27
2540,2407.75,2016-12-28
2541,2575.5,2016-12-29
2542,922.75,2016-12-30
2543,386.75,2016-12-31
2544,85.25,2017-01-01
2545,3045.0,2017-01-02
2546,6717.0,2017-01-03
2547,6595.75,2017-01-04
2548,6714.0,2017-01-05
2549,4423.0,2017-01-06
2550,6726.0,2017-01-07
2551,1486.5,2017-01-08
2552,3765.5,2017-01-09
2553,2339.25,2017-01-10
2554,6312.5,2017-01-11
2555,5483.75,2017-01-12
2556,6047.75,2017-01-13
2557,5257.25,2017-01-14
2558,13.5,2017-01-15
2559,2531.75,2017-01-16
2560,569.25,2017-01-17
2561,4765.25,2017-01-18
2562,3969.25,2017-01-19
2563,3754.75,2017-01-20
2564,1252.0,2017-01-21
2565,227.25,2017-01-22
2566,3502.25,2017-01-23
2567,1772.0,2017-01-24
2568,6485.25,2017-01-25
2569,22.75,2017-01-26
2570,1.25,2017-01-27
2571,118.0,2017-01-28
2572,430.5,2017-01-29
2573,4137.5,2017-01-30
2574,147.75,2017-01-31
2575,3296.25,2017-02-01
2576,0.0,2017-02-02
2577,6315.0,2017-02-03
2578,6274.75,2017-02-04
2579,3569.25,2017-02-05
2580,2380.25,2017-02-06
2581,5027.0,2017-02-07
2582,6223.75,2017-02-08
2583,7.75,2017-02-09
2584,1525.75,2017-02-10
2585,371.75,2017-02-11
2586,4024.25,2017-02-12
2587,37.0,2017-02-13
2588,749.5,2017-02-14
2589,443.75,2017-02-15
2590,1658.0,2017-02-16
2591,1.75,2017-02-17
2592,2665.25,2017-02-18
2593,5954.5,2017-02-19
2594,6282.5,2017-02-20
2595,5963.75,2017-02-21
2596,6300.0,2017-02-22
2597,146.25,2017-02-23
2598,6235.25,2017-02-24
2599,5355.5,2017-02-25
2600,6382.5,2017-02-26
2601,3016.5,2017-02-27
2602,6162.25,2017-02-28
2603,2682.5,2017-03-01
2604,0.0,2017-03-02
2605,15.75,2017-03-03
2606,0.0,2017-03-04
2607,4009.0,2017-03-05
2608,2041.75,2017-03-06
2609,5721.75,2017-03-07
2610,6354.0,2017-03-08
2611,6690.0,2017-03-09
2612,6722.5,2017-03-10
2613,505.75,2017-03-11
2614,4875.0,2017-03-12
2615,0.0,2017-03-13
2616,3329.5,2017-03-14
2617,4045.0,2017-03-15
2618,0.0,2017-03-16
2619,6005.5,2017-03-17
2620,2213.5,2017-03-18
2621,0.0,2017-03-19
2622,569.0,2017-03-20
2623,435.5,2017-03-21
2624,34.5,2017-03-22
2625,12.75,2017-03-23
2626,18.5,2017-03-24
2627,2145.75,2017-03-25
2628,1773.5,2017-03-26
2629,6147.0,2017-03-27
2630,0.0,2017-03-28
2631,516.0,2017-03-29
2632,6080.25,2017-03-30
2633,1245.5,2017-03-31
2634,6271.25,2017-04-01
2635,86.5,2017-04-02
2636,3622.0,2017-04-03
2637,2454.5,2017-04-04
2638,6245.0,2017-04-05
2639,6642.5,2017-04-06
2640,617.75,2017-04-07
2641,6739.75,2017-04-08
2642,28.5,2017-04-09
2643,220.5,2017-04-10
2644,0.0,2017-04-11
2645,0.0,2017-04-12
2646,5128.0,2017-04-13
2647,174.0,2017-04-14
2648,0.0,2017-04-15
2649,4736.25,2017-04-16
2650,6784.0,2017-04-17
2651,6086.75,2017-04-18
2652,6079.25,2017-04-19
2653,6785.0,2017-04-20
2654,6784.75,2017-04-21
2655,6783.25,2017-04-22
2656,1592.75,2017-04-23
2657,0.0,2017-04-24
2658,782.25,2017-04-25
2659,6764.75,2017-04-26
2660,274.75,2017-04-27
2661,6775.75,2017-04-28
2662,5718.5,2017-04-29
2663,6740.75,2017-04-30
2664,1675.0,2017-05-01
2665,0.0,2017-05-02
2666,3036.0,2017-05-03
2667,1239.0,2017-05-04
2668,1095.25,2017-05-05
2669,4731.75,2017-05-06
2670,6578.0,2017-05-07
2671,6666.75,2017-05-08
2672,6785.0,2017-05-09
2673,6783.0,2017-05-10
2674,6785.0,2017-05-11
2675,6446.25,2017-05-12
2676,2900.5,2017-05-13
2677,6785.0,2017-05-14
2678,6699.25,2017-05-15
2679,6785.0,2017-05-16
2680,6782.5,2017-05-17
2681,6086.75,2017-05-18
2682,6783.0,2017-05-19
2683,332.25,2017-05-20
2684,1933.5,2017-05-21
2685,6785.0,2017-05-22
2686,1319.0,2017-05-23
2687,6280.75,2017-05-24
2688,6785.0,2017-05-25
2689,6784.75,2017-05-26
2690,6767.0,2017-05-27
2691,6702.5,2017-05-28
2692,6785.0,2017-05-29
2693,6785.0,2017-05-30
2694,6785.0,2017-05-31
2695,6782.0,2017-06-01
2696,6755.25,2017-06-02
2697,6785.0,2017-06-03
2698,6783.0,2017-06-04
2699,6785.0,2017-06-05
2700,6785.0,2017-06-06
2701,6785.0,2017-06-07
2702,6735.0,2017-06-08
2703,6784.25,2017-06-09
2704,6785.0,2017-06-10
2705,6785.0,2017-06-11
2706,6782.75,2017-06-12
2707,6785.0,2017-06-13
2708,6785.0,2017-06-14
2709,6784.0,2017-06-15
2710,6785.0,2017-06-16
2711,6784.0,2017-06-17
2712,6783.75,2017-06-18
2713,6785.0,2017-06-19
2714,6785.0,2017-06-20
2715,6785.0,2017-06-21
2716,6751.0,2017-06-22
2717,6785.0,2017-06-23
2718,6785.0,2017-06-24
2719,6784.75,2017-06-25
2720,6785.0,2017-06-26
2721,6785.0,2017-06-27
2722,6785.0,2017-06-28
2723,6783.5,2017-06-29
2724,6785.0,2017-06-30
2725,6785.0,2017-07-01
2726,6262.25,2017-07-02
2727,6785.0,2017-07-03
2728,6785.0,2017-07-04
2729,6294.75,2017-07-05
2730,3502.0,2017-07-06
2731,6164.25,2017-07-07
2732,4573.5,2017-07-08
2733,6412.5,2017-07-09
2734,6778.5,2017-07-10
2735,6785.0,2017-07-11
2736,6715.25,2017-07-12
2737,6777.5,2017-07-13
2738,6373.25,2017-07-14
2739,6735.75,2017-07-15
2740,6785.0,2017-07-16
2741,6778.0,2017-07-17
2742,6785.0,2017-07-18
2743,6687.75,2017-07-19
2744,6785.0,2017-07-20
2745,6785.0,2017-07-21
2746,6785.0,2017-07-22
2747,6755.75,2017-07-23
2748,6785.0,2017-07-24
2749,6785.0,2017-07-25
2750,6785.0,2017-07-26
2751,6785.0,2017-07-27
2752,6785.0,2017-07-28
2753,6785.0,2017-07-29
2754,6089.5,2017-07-30
2755,6177.75,2017-07-31
2756,6780.25,2017-08-01
2757,6785.0,2017-08-02
2758,6785.0,2017-08-03
2759,6422.75,2017-08-04
2760,6748.25,2017-08-05
2761,6784.75,2017-08-06
2762,6785.0,2017-08-07
2763,6785.0,2017-08-08
2764,6785.0,2017-08-09
2765,6538.25,2017-08-10
2766,4073.0,2017-08-11
2767,6436.75,2017-08-12
2768,6712.25,2017-08-13
2769,6783.75,2017-08-14
2770,6785.0,2017-08-15
2771,6785.0,2017-08-16
2772,856.75,2017-08-17
2773,6102.75,2017-08-18
2774,6785.0,2017-08-19
2775,6785.0,2017-08-20
2776,6785.0,2017-08-21
2777,6784.75,2017-08-22
2778,6785.0,2017-08-23
2779,6678.5,2017-08-24
2780,6785.0,2017-08-25
2781,6785.0,2017-08-26
2782,6785.0,2017-08-27
2783,6785.0,2017-08-28
2784,6785.0,2017-08-29
2785,6785.0,2017-08-30
2786,6785.0,2017-08-31
2787,6785.0,2017-09-01
2788,6779.5,2017-09-02
2789,6771.75,2017-09-03
2790,6785.0,2017-09-04
2791,6784.75,2017-09-05
2792,6775.25,2017-09-06
2793,3970.5,2017-09-07
2794,6785.0,2017-09-08
2795,6785.0,2017-09-09
2796,6785.0,2017-09-10
2797,6785.0,2017-09-11
2798,6785.0,2017-09-12
2799,6785.0,2017-09-13
2800,6785.0,2017-09-14
2801,6785.0,2017-09-15
2802,6682.25,2017-09-16
2803,6785.0,2017-09-17
2804,6080.75,2017-09-18
2805,3445.0,2017-09-19
2806,6763.25,2017-09-20
2807,6785.0,2017-09-21
2808,6723.25,2017-09-22
2809,6778.75,2017-09-23
2810,6785.0,2017-09-24
2811,2880.25,2017-09-25
2812,6785.0,2017-09-26
2813,6784.5,2017-09-27
2814,6784.75,2017-09-28
2815,6785.0,2017-09-29
2816,2993.25,2017-09-30
2817,6785.0,2017-10-01
2818,6775.5,2017-10-02
2819,6639.5,2017-10-03
2820,2794.25,2017-10-04
2821,6732.25,2017-10-05
2822,6785.0,2017-10-06
2823,5668.0,2017-10-07
2824,6728.5,2017-10-08
2825,6785.0,2017-10-09
2826,6217.25,2017-10-10
2827,6775.75,2017-10-11
2828,6785.0,2017-10-12
2829,6429.5,2017-10-13
2830,6785.0,2017-10-14
2831,6562.25,2017-10-15
2832,6785.0,2017-10-16
2833,6785.0,2017-10-17
2834,6777.25,2017-10-18
2835,6785.0,2017-10-19
2836,6784.75,2017-10-20
2837,6785.0,2017-10-21
2838,6785.0,2017-10-22
2839,6785.0,2017-10-23
2840,5032.75,2017-10-24
2841,6569.5,2017-10-25
2842,4798.0,2017-10-26
2843,5923.5,2017-10-27
2844,6785.0,2017-10-28
2845,6749.25,2017-10-29
2846,1620.0,2017-10-30
2847,6279.75,2017-10-31
2848,6460.5,2017-11-01
2849,1334.25,2017-11-02
2850,630.0,2017-11-03
2851,0.0,2017-11-04
2852,5433.75,2017-11-05
2853,692.25,2017-11-06
2854,6770.0,2017-11-07
2855,800.0,2017-11-08
2856,616.75,2017-11-09
2857,2426.25,2017-11-10
2858,5474.5,2017-11-11
2859,6781.75,2017-11-12
2860,6766.75,2017-11-13
2861,6782.0,2017-11-14
2862,6762.25,2017-11-15
2863,6782.25,2017-11-16
2864,6543.25,2017-11-17
2865,6779.75,2017-11-18
2866,189.5,2017-11-19
2867,6.75,2017-11-20
2868,0.0,2017-11-21
2869,148.75,2017-11-22
2870,960.75,2017-11-23
2871,405.5,2017-11-24
2872,4920.5,2017-11-25
2873,32.5,2017-11-26
2874,1501.25,2017-11-27
2875,6762.75,2017-11-28
2876,6653.75,2017-11-29
2877,6762.25,2017-11-30
2878,5527.75,2017-12-01
2879,6765.5,2017-12-02
2880,2830.75,2017-12-03
2881,6756.25,2017-12-04
2882,5759.75,2017-12-05
2883,1080.0,2017-12-06
2884,0.0,2017-12-07
2885,1997.5,2017-12-08
2886,5995.25,2017-12-09
2887,1900.5,2017-12-10
2888,6559.25,2017-12-11
2889,2711.75,2017-12-12
2890,6573.25,2017-12-13
2891,1391.75,2017-12-14
2892,5844.5,2017-12-15
2893,6700.75,2017-12-16
2894,3453.25,2017-12-17
2895,6676.75,2017-12-18
2896,1642.5,2017-12-19
2897,580.5,2017-12-20
2898,2.0,2017-12-21
2899,6123.25,2017-12-22
2900,0.0,2017-12-23
2901,23.75,2017-12-24
2902,15.5,2017-12-25
2903,2588.75,2017-12-26
2904,6680.25,2017-12-27
2905,2465.0,2017-12-28
2906,4267.5,2017-12-29
2907,445.25,2017-12-30
2908,6495.25,2017-12-31
2909,98.75,2018-01-01
2910,281.25,2018-01-02
2911,4412.5,2018-01-03
2912,953.0,2018-01-04
2913,29.75,2018-01-05
2914,0.0,2018-01-06
2915,5184.75,2018-01-07
2916,6674.75,2018-01-08
2917,5507.5,2018-01-09
2918,6658.25,2018-01-10
2919,282.5,2018-01-11
2920,6641.0,2018-01-12
2921,2970.75,2018-01-13
2922,6592.5,2018-01-14
2923,1183.0,2018-01-15
2924,5153.25,2018-01-16
2925,3938.25,2018-01-17
2926,1075.0,2018-01-18
2927,4999.25,2018-01-19
2928,0.0,2018-01-20
2929,5863.75,2018-01-21
2930,0.0,2018-01-22
2931,4994.75,2018-01-23
2932,5937.5,2018-01-24
2933,4463.0,2018-01-25
2934,3270.75,2018-01-26
2935,9.0,2018-01-27
2936,998.75,2018-01-28
2937,2553.75,2018-01-29
2938,923.75,2018-01-30
2939,5752.0,2018-01-31
2940,5841.25,2018-02-01
2941,6562.25,2018-02-02
2942,1314.0,2018-02-03
2943,6334.0,2018-02-04
2944,36.0,2018-02-05
2945,2800.5,2018-02-06
2946,6732.5,2018-02-07
2947,6709.5,2018-02-08
2948,1648.75,2018-02-09
2949,3539.0,2018-02-10
2950,4809.5,2018-02-11
2951,0.0,2018-02-12
2952,0.0,2018-02-13
2953,2251.5,2018-02-14
2954,1704.75,2018-02-15
2955,0.0,2018-02-16
2956,0.0,2018-02-17
2957,12.25,2018-02-18
2958,54.25,2018-02-19
2959,5758.0,2018-02-20
2960,75.0,2018-02-21
2961,314.25,2018-02-22
2962,2384.75,2018-02-23
2963,85.5,2018-02-24
2964,2436.75,2018-02-25
2965,14.0,2018-02-26
2966,53.25,2018-02-27
2967,1343.0,2018-02-28
2968,5498.0,2018-03-01
2969,4868.0,2018-03-02
2970,2953.5,2018-03-03
2971,239.0,2018-03-04
2972,3624.0,2018-03-05
2973,219.25,2018-03-06
2974,4676.25,2018-03-07
2975,6779.0,2018-03-08
2976,2461.5,2018-03-09
2977,6412.5,2018-03-10
2978,5434.25,2018-03-11
2979,846.5,2018-03-12
2980,6783.5,2018-03-13
2981,5227.75,2018-03-14
2982,5393.5,2018-03-15
2983,3721.0,2018-03-16
2984,4402.0,2018-03-17
2985,6754.25,2018-03-18
2986,48.75,2018-03-19
2987,6760.25,2018-03-20
2988,3965.5,2018-03-21
2989,5328.5,2018-03-22
2990,6465.25,2018-03-23
2991,2190.75,2018-03-24
2992,2192.75,2018-03-25
2993,6785.0,2018-03-26
2994,6785.0,2018-03-27
2995,235.75,2018-03-28
2996,203.0,2018-03-29
2997,0.0,2018-03-30
2998,6785.0,2018-03-31
2999,6784.25,2018-04-01
3000,6758.5,2018-04-02
3001,6555.25,2018-04-03
3002,2788.75,2018-04-04
3003,5496.75,2018-04-05
3004,793.0,2018-04-06
3005,252.25,2018-04-07
3006,6514.25,2018-04-08
3007,6505.5,2018-04-09
3008,668.25,2018-04-10
3009,5019.0,2018-04-11
3010,0.0,2018-04-12
3011,1000.25,2018-04-13
3012,4303.75,2018-04-14
3013,5007.0,2018-04-15
3014,355.75,2018-04-16
3015,6754.5,2018-04-17
3016,6135.25,2018-04-18
3017,6785.0,2018-04-19
3018,6347.0,2018-04-20
3019,693.75,2018-04-21
3020,108.75,2018-04-22
3021,4803.75,2018-04-23
3022,6530.25,2018-04-24
3023,6783.5,2018-04-25
3024,4777.0,2018-04-26
3025,991.0,2018-04-27
3026,127.5,2018-04-28
3027,1628.0,2018-04-29
3028,234.75,2018-04-30
3029,3885.75,2018-05-01
3030,5742.0,2018-05-02
3031,1373.0,2018-05-03
3032,5793.75,2018-05-04
3033,3041.75,2018-05-05
3034,4232.5,2018-05-06
3035,711.75,2018-05-07
3036,0.0,2018-05-08
3037,2287.75,2018-05-09
3038,1783.0,2018-05-10
3039,33.5,2018-05-11
3040,3566.75,2018-05-12
3041,4375.0,2018-05-13
3042,4620.5,2018-05-14
3043,5892.75,2018-05-15
3044,3528.5,2018-05-16
3045,6640.25,2018-05-17
3046,6784.75,2018-05-18
3047,6767.25,2018-05-19
3048,3995.75,2018-05-20
3049,2779.25,2018-05-21
3050,483.5,2018-05-22
3051,4410.5,2018-05-23
3052,2281.75,2018-05-24
3053,2753.0,2018-05-25
3054,6735.25,2018-05-26
3055,6770.5,2018-05-27
3056,6514.5,2018-05-28
3057,5683.25,2018-05-29
3058,6139.5,2018-05-30
3059,6657.75,2018-05-31
3060,4112.75,2018-06-01
3061,3016.0,2018-06-02
3062,6044.0,2018-06-03
3063,6098.25,2018-06-04
3064,5885.25,2018-06-05
3065,6785.0,2018-06-06
3066,6783.75,2018-06-07
3067,6785.0,2018-06-08
3068,6563.25,2018-06-09
3069,6681.5,2018-06-10
3070,6785.0,2018-06-11
3071,6687.5,2018-06-12
3072,6785.0,2018-06-13
3073,6348.0,2018-06-14
3074,5046.0,2018-06-15
3075,6781.5,2018-06-16
3076,6785.0,2018-06-17
3077,6785.0,2018-06-18
3078,6785.0,2018-06-19
3079,6785.0,2018-06-20
3080,6784.75,2018-06-21
3081,6785.0,2018-06-22
3082,6784.25,2018-06-23
3083,6785.0,2018-06-24
3084,6785.0,2018-06-25
3085,6785.0,2018-06-26
3086,6783.0,2018-06-27
3087,6785.0,2018-06-28
3088,6781.25,2018-06-29
3089,6744.75,2018-06-30
3090,6777.0,2018-07-01
3091,6785.0,2018-07-02
3092,6785.0,2018-07-03
3093,6785.0,2018-07-04
3094,6785.0,2018-07-05
3095,6785.0,2018-07-06
3096,6785.0,2018-07-07
3097,6785.0,2018-07-08
3098,6785.0,2018-07-09
3099,6785.0,2018-07-10
3100,6784.25,2018-07-11
3101,6785.0,2018-07-12
3102,6785.0,2018-07-13
3103,6785.0,2018-07-14
3104,6785.0,2018-07-15
3105,6530.75,2018-07-16
3106,6783.5,2018-07-17
3107,6785.0,2018-07-18
3108,6363.0,2018-07-19
3109,6668.75,2018-07-20
3110,6785.0,2018-07-21
3111,6785.0,2018-07-22
3112,6785.0,2018-07-23
3113,6785.0,2018-07-24
3114,6011.5,2018-07-25
3115,5457.5,2018-07-26
3116,6650.5,2018-07-27
3117,5126.25,2018-07-28
3118,4603.75,2018-07-29
3119,6310.5,2018-07-30
3120,6180.25,2018-07-31
3121,6783.0,2018-08-01
3122,6773.75,2018-08-02
3123,6785.0,2018-08-03
3124,6784.5,2018-08-04
3125,6778.0,2018-08-05
3126,6644.75,2018-08-06
3127,6768.0,2018-08-07
3128,6785.0,2018-08-08
3129,6521.0,2018-08-09
3130,6785.0,2018-08-10
3131,6780.75,2018-08-11
3132,6785.0,2018-08-12
3133,6785.0,2018-08-13
3134,6785.0,2018-08-14
3135,6785.0,2018-08-15
3136,6785.0,2018-08-16
3137,6784.75,2018-08-17
3138,6785.0,2018-08-18
3139,6781.0,2018-08-19
3140,6785.0,2018-08-20
3141,6785.0,2018-08-21
3142,6785.0,2018-08-22
3143,6785.0,2018-08-23
3144,6785.0,2018-08-24
3145,6744.75,2018-08-25
3146,6785.0,2018-08-26
3147,5388.5,2018-08-27
3148,6785.0,2018-08-28
3149,6785.0,2018-08-29
3150,6785.0,2018-08-30
3151,6785.0,2018-08-31
3152,6785.0,2018-09-01
3153,6785.0,2018-09-02
3154,6606.75,2018-09-03
3155,6785.0,2018-09-04
3156,6784.5,2018-09-05
3157,6785.0,2018-09-06
3158,6785.0,2018-09-07
3159,6785.0,2018-09-08
3160,6400.5,2018-09-09
3161,6782.25,2018-09-10
3162,6785.0,2018-09-11
3163,6068.75,2018-09-12
3164,6785.0,2018-09-13
3165,6701.5,2018-09-14
3166,6389.25,2018-09-15
3167,6785.0,2018-09-16
3168,6736.0,2018-09-17
3169,5521.0,2018-09-18
3170,943.25,2018-09-19
3171,6785.0,2018-09-20
3172,6784.5,2018-09-21
3173,1042.75,2018-09-22
3174,6785.0,2018-09-23
3175,6785.0,2018-09-24
3176,6785.0,2018-09-25
3177,5108.0,2018-09-26
3178,6785.0,2018-09-27
3179,6785.0,2018-09-28
3180,6785.0,2018-09-29
3181,6785.0,2018-09-30
3182,6413.5,2018-10-01
3183,6490.25,2018-10-02
3184,2127.25,2018-10-03
3185,6777.5,2018-10-04
3186,5413.25,2018-10-05
3187,6360.75,2018-10-06
3188,1291.5,2018-10-07
3189,3903.5,2018-10-08
3190,4569.25,2018-10-09
3191,1006.0,2018-10-10
3192,4017.25,2018-10-11
3193,716.25,2018-10-12
3194,6248.25,2018-10-13
3195,0.0,2018-10-14
3196,5997.25,2018-10-15
3197,2870.5,2018-10-16
3198,2655.25,2018-10-17
3199,3213.25,2018-10-18
3200,1817.0,2018-10-19
3201,313.75,2018-10-20
3202,0.0,2018-10-21
3203,4763.75,2018-10-22
3204,4868.25,2018-10-23
3205,6228.25,2018-10-24
3206,4135.0,2018-10-25
3207,12.5,2018-10-26
3208,4159.0,2018-10-27
3209,1938.5,2018-10-28
3210,6644.25,2018-10-29
3211,6780.75,2018-10-30
3212,6784.5,2018-10-31
3213,6784.5,2018-11-01
3214,4746.75,2018-11-02
3215,14.25,2018-11-03
3216,0.0,2018-11-04
3217,324.0,2018-11-05
3218,0.0,2018-11-06
3219,609.0,2018-11-07
3220,108.75,2018-11-08
3221,509.75,2018-11-09
3222,4135.75,2018-11-10
3223,332.75,2018-11-11
3224,1517.5,2018-11-12
3225,1271.25,2018-11-13
3226,900.5,2018-11-14
3227,474.25,2018-11-15
3228,0.0,2018-11-16
3229,5686.5,2018-11-17
3230,363.75,2018-11-18
3231,5819.25,2018-11-19
3232,2514.25,2018-11-20
3233,5347.5,2018-11-21
3234,0.0,2018-11-22
3235,0.0,2018-11-23
3236,0.0,2018-11-24
3237,230.5,2018-11-25
3238,1799.5,2018-11-26
3239,2977.75,2018-11-27
3240,6772.25,2018-11-28
3241,35.75,2018-11-29
3242,146.25,2018-11-30
3243,56.5,2018-12-01
3244,4336.75,2018-12-02
3245,2120.75,2018-12-03
3246,3142.5,2018-12-04
3247,0.0,2018-12-05
3248,0.0,2018-12-06
3249,470.0,2018-12-07
3250,3.5,2018-12-08
3251,51.25,2018-12-09
3252,2885.75,2018-12-10
3253,5525.0,2018-12-11
3254,6309.5,2018-12-12
3255,1745.75,2018-12-13
3256,5556.75,2018-12-14
3257,3136.5,2018-12-15
3258,6728.75,2018-12-16
3259,0.0,2018-12-17
3260,57.75,2018-12-18
3261,5776.0,2018-12-19
3262,18.75,2018-12-20
3263,334.75,2018-12-21
3264,2844.25,2018-12-22
3265,6683.25,2018-12-23
3266,1741.0,2018-12-24
3267,6539.5,2018-12-25
3268,6683.75,2018-12-26
3269,2019.75,2018-12-27
3270,224.75,2018-12-28
3271,982.5,2018-12-29
3272,3137.5,2018-12-30
3273,3381.5,2018-12-31
3274,2992.5,2019-01-01
3275,69.5,2019-01-02
3276,98.25,2019-01-03
3277,6696.5,2019-01-04
3278,3387.75,2019-01-05
3279,19.75,2019-01-06
3280,708.75,2019-01-07
3281,6153.75,2019-01-08
3282,980.25,2019-01-09
3283,6509.25,2019-01-10
3284,6702.5,2019-01-11
3285,1281.5,2019-01-12
3286,0.0,2019-01-13
3287,142.75,2019-01-14
3288,6643.5,2019-01-15
3289,233.0,2019-01-16
3290,7.75,2019-01-17
3291,177.75,2019-01-18
3292,5192.5,2019-01-19
3293,6132.0,2019-01-20
3294,3328.25,2019-01-21
3295,6428.0,2019-01-22
3296,1560.0,2019-01-23
3297,6518.75,2019-01-24
3298,713.0,2019-01-25
3299,6426.0,2019-01-26
3300,296.5,2019-01-27
3301,0.0,2019-01-28
3302,1220.5,2019-01-29
3303,63.0,2019-01-30
3304,3415.25,2019-01-31
3305,1048.0,2019-02-01
3306,2131.75,2019-02-02
3307,1978.0,2019-02-03
3308,5753.0,2019-02-04
3309,6559.75,2019-02-05
3310,4993.75,2019-02-06
3311,46.75,2019-02-07
3312,124.25,2019-02-08
3313,55.75,2019-02-09
3314,1528.25,2019-02-10
3315,2636.25,2019-02-11
3316,4627.75,2019-02-12
3317,6225.0,2019-02-13
3318,4226.5,2019-02-14
3319,37.0,2019-02-15
3320,1501.25,2019-02-16
3321,10.25,2019-02-17
3322,419.25,2019-02-18
3323,126.75,2019-02-19
3324,6571.0,2019-02-20
3325,4749.75,2019-02-21
3326,4016.75,2019-02-22
3327,6259.0,2019-02-23
3328,778.75,2019-02-24
3329,6650.0,2019-02-25
3330,6643.25,2019-02-26
3331,2243.25,2019-02-27
3332,278.5,2019-02-28
3333,21.25,2019-03-01
3334,3265.0,2019-03-02
3335,4417.75,2019-03-03
3336,3604.0,2019-03-04
3337,2679.5,2019-03-05
3338,5597.75,2019-03-06
3339,2613.75,2019-03-07
3340,210.5,2019-03-08
3341,3558.5,2019-03-09
3342,4299.5,2019-03-10
3343,2031.0,2019-03-11
3344,4982.75,2019-03-12
3345,4816.25,2019-03-13
3346,0.0,2019-03-14
3347,3730.5,2019-03-15
3348,5010.75,2019-03-16
3349,262.75,2019-03-17
3350,2814.0,2019-03-18
3351,3265.5,2019-03-19
3352,6555.0,2019-03-20
3353,6445.5,2019-03-21
3354,6708.75,2019-03-22
3355,3455.0,2019-03-23
3356,0.0,2019-03-24
3357,41.5,2019-03-25
3358,0.0,2019-03-26
3359,48.75,2019-03-27
3360,9.0,2019-03-28
3361,1059.0,2019-03-29
3362,841.0,2019-03-30
3363,40.0,2019-03-31
3364,25.0,2019-04-01
3365,959.25,2019-04-02
3366,1618.0,2019-04-03
3367,4063.0,2019-04-04
3368,1.25,2019-04-05
3369,179.0,2019-04-06
3370,0.0,2019-04-07
3371,902.0,2019-04-08
3372,2024.0,2019-04-09
3373,6173.75,2019-04-10
3374,927.25,2019-04-11
3375,5515.0,2019-04-12
3376,6686.0,2019-04-13
3377,6780.25,2019-04-14
3378,6782.25,2019-04-15
3379,2279.0,2019-04-16
3380,130.0,2019-04-17
3381,1184.5,2019-04-18
3382,3748.25,2019-04-19
3383,2728.25,2019-04-20
3384,6756.0,2019-04-21
3385,2170.75,2019-04-22
3386,469.75,2019-04-23
3387,5139.0,2019-04-24
3388,6702.25,2019-04-25
3389,6275.0,2019-04-26
3390,5295.5,2019-04-27
3391,4104.5,2019-04-28
3392,4106.75,2019-04-29
3393,6549.75,2019-04-30
3394,1720.75,2019-05-01
3395,6676.75,2019-05-02
3396,663.75,2019-05-03
3397,836.0,2019-05-04
3398,5298.75,2019-05-05
3399,2265.0,2019-05-06
3400,5045.0,2019-05-07
3401,5140.25,2019-05-08
3402,2281.0,2019-05-09
3403,1110.5,2019-05-10
3404,6782.5,2019-05-11
3405,6783.75,2019-05-12
3406,6783.5,2019-05-13
3407,6782.5,2019-05-14
3408,6782.75,2019-05-15
3409,6779.75,2019-05-16
3410,5511.5,2019-05-17
3411,6561.75,2019-05-18
3412,2338.5,2019-05-19
3413,3392.0,2019-05-20
3414,5664.25,2019-05-21
3415,6625.0,2019-05-22
3416,4743.5,2019-05-23
3417,6784.0,2019-05-24
3418,6616.0,2019-05-25
3419,930.5,2019-05-26
3420,6560.75,2019-05-27
3421,6452.0,2019-05-28
3422,6675.25,2019-05-29
3423,6780.5,2019-05-30
3424,6785.0,2019-05-31
3425,6357.5,2019-06-01
3426,5063.25,2019-06-02
3427,6785.0,2019-06-03
3428,5780.5,2019-06-04
3429,3767.0,2019-06-05
3430,6748.5,2019-06-06
3431,6673.5,2019-06-07
3432,6771.5,2019-06-08
3433,6690.25,2019-06-09
3434,5806.25,2019-06-10
3435,4332.25,2019-06-11
3436,6672.0,2019-06-12
3437,6785.0,2019-06-13
3438,6785.0,2019-06-14
3439,6784.25,2019-06-15
3440,6785.0,2019-06-16
3441,6784.25,2019-06-17
3442,6784.0,2019-06-18
3443,6785.0,2019-06-19
3444,6785.0,2019-06-20
3445,6785.0,2019-06-21
3446,6785.0,2019-06-22
3447,6785.0,2019-06-23
3448,6784.75,2019-06-24
3449,6785.0,2019-06-25
3450,6785.0,2019-06-26
3451,6785.0,2019-06-27
3452,6785.0,2019-06-28
3453,6785.0,2019-06-29
3454,6785.0,2019-06-30
3455,6785.0,2019-07-01
3456,6551.25,2019-07-02
3457,6784.75,2019-07-03
3458,6785.0,2019-07-04
3459,6784.25,2019-07-05
3460,6785.0,2019-07-06
3461,6785.0,2019-07-07
3462,6785.0,2019-07-08
3463,6770.0,2019-07-09
3464,6783.0,2019-07-10
3465,6738.5,2019-07-11
3466,6785.0,2019-07-12
3467,6785.0,2019-07-13
3468,6785.0,2019-07-14
3469,6785.0,2019-07-15
3470,6785.0,2019-07-16
3471,6785.0,2019-07-17
3472,6357.5,2019-07-18
3473,6785.0,2019-07-19
3474,6638.25,2019-07-20
3475,6784.0,2019-07-21
3476,6611.75,2019-07-22
3477,5829.5,2019-07-23
3478,6785.0,2019-07-24
3479,6785.0,2019-07-25
3480,6785.0,2019-07-26
3481,6785.0,2019-07-27
3482,6785.0,2019-07-28
3483,6785.0,2019-07-29
3484,6785.0,2019-07-30
3485,6785.0,2019-07-31
3486,6785.0,2019-08-01
3487,6785.0,2019-08-02
3488,6785.0,2019-08-03
3489,6781.0,2019-08-04
3490,6784.75,2019-08-05
3491,6785.0,2019-08-06
3492,6695.5,2019-08-07
3493,6473.75,2019-08-08
3494,6017.5,2019-08-09
3495,6785.0,2019-08-10
3496,6046.25,2019-08-11
3497,4410.0,2019-08-12
3498,5606.0,2019-08-13
3499,6781.5,2019-08-14
3500,6776.25,2019-08-15
3501,6785.0,2019-08-16
3502,6601.0,2019-08-17
3503,6785.0,2019-08-18
3504,6785.0,2019-08-19
3505,6785.0,2019-08-20
3506,6529.25,2019-08-21
3507,6784.5,2019-08-22
3508,6785.0,2019-08-23
3509,6785.0,2019-08-24
3510,6327.75,2019-08-25
3511,6755.0,2019-08-26
3512,6673.25,2019-08-27
3513,1904.75,2019-08-28
3514,6775.75,2019-08-29
3515,6712.75,2019-08-30
3516,6742.0,2019-08-31
3517,6785.0,2019-09-01
3518,6785.0,2019-09-02
3519,6785.0,2019-09-03
3520,6785.0,2019-09-04
3521,6785.0,2019-09-05
3522,6779.75,2019-09-06
3523,6785.0,2019-09-07
3524,6784.75,2019-09-08
3525,6785.0,2019-09-09
3526,6785.0,2019-09-10
3527,6785.0,2019-09-11
3528,6785.0,2019-09-12
3529,6675.0,2019-09-13
3530,6785.0,2019-09-14
3531,6201.5,2019-09-15
3532,6497.0,2019-09-16
3533,5879.75,2019-09-17
3534,4230.75,2019-09-18
3535,6785.0,2019-09-19
3536,3261.0,2019-09-20
3537,6785.0,2019-09-21
3538,6625.75,2019-09-22
3539,6785.0,2019-09-23
3540,6783.75,2019-09-24
3541,6779.5,2019-09-25
3542,6778.25,2019-09-26
3543,6785.0,2019-09-27
3544,6785.0,2019-09-28
3545,5662.5,2019-09-29
3546,6785.0,2019-09-30
3547,6772.25,2019-10-01
3548,6602.5,2019-10-02
3549,6145.25,2019-10-03
3550,6776.75,2019-10-04
3551,6785.0,2019-10-05
3552,1752.75,2019-10-06
3553,6785.0,2019-10-07
3554,5642.75,2019-10-08
3555,5676.5,2019-10-09
3556,6568.0,2019-10-10
3557,6785.0,2019-10-11
3558,6066.5,2019-10-12
3559,6438.75,2019-10-13
3560,6780.75,2019-10-14
3561,5539.25,2019-10-15
3562,5577.5,2019-10-16
3563,1992.25,2019-10-17
3564,6759.75,2019-10-18
3565,6630.75,2019-10-19
3566,5859.0,2019-10-20
3567,2694.25,2019-10-21
3568,0.0,2019-10-22
3569,1701.75,2019-10-23
3570,18.0,2019-10-24
3571,2279.0,2019-10-25
3572,4437.25,2019-10-26
3573,260.0,2019-10-27
3574,3521.25,2019-10-28
3575,3894.0,2019-10-29
3576,2832.25,2019-10-30
3577,4757.0,2019-10-31
3578,6783.5,2019-11-01
3579,5195.5,2019-11-02
3580,6349.25,2019-11-03
3581,6324.25,2019-11-04
3582,6768.75,2019-11-05
3583,6783.75,2019-11-06
3584,6752.25,2019-11-07
3585,6782.75,2019-11-08
3586,6782.5,2019-11-09
3587,6733.0,2019-11-10
3588,6777.75,2019-11-11
3589,6748.0,2019-11-12
3590,6777.75,2019-11-13
3591,5541.75,2019-11-14
3592,6743.25,2019-11-15
3593,3925.5,2019-11-16
3594,5968.0,2019-11-17
3595,4136.0,2019-11-18
3596,5232.5,2019-11-19
3597,2935.0,2019-11-20
3598,6215.75,2019-11-21
3599,6709.5,2019-11-22
3600,692.25,2019-11-23
3601,3753.0,2019-11-24
3602,2853.0,2019-11-25
3603,5412.25,2019-11-26
3604,4648.5,2019-11-27
3605,16.0,2019-11-28
3606,2955.0,2019-11-29
3607,990.25,2019-11-30
3608,6028.0,2019-12-01
3609,0.0,2019-12-02
3610,2.5,2019-12-03
3611,528.0,2019-12-04
3612,4965.25,2019-12-05
3613,1004.75,2019-12-06
3614,39.75,2019-12-07
3615,0.0,2019-12-08
3616,736.75,2019-12-09
3617,1245.5,2019-12-10
3618,1330.5,2019-12-11
3619,3167.25,2019-12-12
3620,139.0,2019-12-13
3621,1235.0,2019-12-14
3622,6159.0,2019-12-15
3623,242.75,2019-12-16
3624,23.0,2019-12-17
3625,2780.75,2019-12-18
3626,6677.25,2019-12-19
3627,6739.25,2019-12-20
3628,6490.5,2019-12-21
3629,6740.5,2019-12-22
3630,4655.0,2019-12-23
3631,6723.25,2019-12-24
3632,2087.0,2019-12-25
3633,293.25,2019-12-26
3634,11.0,2019-12-27
3635,5370.75,2019-12-28
3636,1954.0,2019-12-29
3637,2206.0,2019-12-30
3638,3231.25,2019-12-31
3639,3154.75,2020-01-01
